Date,Open,High,Low,Close,Adj Close,Volume,Company,Region
12/2/2019,36.00999832,36.36000061,35.84000015,35.88000107,35.07131577,6782000,General Motors,U.S.
12/3/2019,35.47000122,35.61999893,34.95999908,35.52999878,34.72920227,8211000,General Motors,U.S.
12/4/2019,35.74000168,36.04999924,35.68000031,35.79999924,34.99311447,8962100,General Motors,U.S.
12/5/2019,35.59999847,35.65000153,35.22000122,35.31000137,34.88444519,6892800,General Motors,U.S.
12/6/2019,35.63999939,35.75999832,35.45000076,35.54000092,35.11167145,8404200,General Motors,U.S.
12/9/2019,35.45000076,35.59000015,35.34999847,35.38000107,34.95360184,6922700,General Motors,U.S.
12/10/2019,35.34999847,35.38000107,34.95999908,35.11000061,34.68685532,7594600,General Motors,U.S.
12/11/2019,35.13000107,35.40999985,35.09999847,35.24000168,34.81528854,7754200,General Motors,U.S.
12/12/2019,35.34000015,36.29000092,35.24000168,36.09999847,35.66492081,11352800,General Motors,U.S.
12/13/2019,36.15999985,36.34000015,35.61000061,35.65000153,35.22034836,8276000,General Motors,U.S.
12/16/2019,35.81999969,36.24000168,35.65000153,36.11000061,35.67480469,11233700,General Motors,U.S.
12/17/2019,36.20000076,36.38999939,36.11000061,36.31000137,35.87239456,8869800,General Motors,U.S.
12/18/2019,36.34000015,37.43000031,36.33000183,37.31000137,36.86034012,12651000,General Motors,U.S.
12/19/2019,37.31000137,37.36000061,36.84000015,37.25999832,36.81093979,10774000,General Motors,U.S.
12/20/2019,37.54000092,37.61999893,37.18999863,37.25,36.80106354,13976100,General Motors,U.S.
12/23/2019,37.38999939,37.40999985,36.63000107,36.77000046,36.32684708,8754500,General Motors,U.S.
12/24/2019,36.72999954,36.74000168,36.5,36.58000183,36.13914108,2924200,General Motors,U.S.
12/26/2019,36.59000015,36.59999847,36.33000183,36.47999954,36.04034424,5439700,General Motors,U.S.
12/27/2019,36.56000137,36.70999908,36.43000031,36.56000137,36.11938095,5753500,General Motors,U.S.
12/30/2019,36.5,36.63999939,36.20000076,36.43999863,36.00082397,5353900,General Motors,U.S.
12/31/2019,36.36999893,36.74000168,36.31999969,36.59999847,36.15889359,5160200,General Motors,U.S.
1/2/2020,37,37.38000107,36.54999924,37.38000107,36.92949677,7454400,General Motors,U.S.
1/3/2020,36.72999954,36.91999817,36.11000061,36.31999969,35.88227081,9173000,General Motors,U.S.
1/6/2020,35.95000076,36.18000031,35.79999924,35.84000015,35.40805817,8408200,General Motors,U.S.
1/7/2020,35.75,35.84000015,34.74000168,35.15000153,34.72637558,17556800,General Motors,U.S.
1/8/2020,35.04000092,35.20000076,34.40999985,34.65000153,34.23239899,13229400,General Motors,U.S.
1/9/2020,34.99000168,35.09999847,34.52999878,35.08000183,34.65721893,9610400,General Motors,U.S.
1/10/2020,35.15000153,36.45000076,34.50999832,34.65000153,34.23239899,9644900,General Motors,U.S.
1/13/2020,34.68999863,35,34.49000168,34.97999954,34.55842209,7465700,General Motors,U.S.
1/14/2020,35,35.34999847,34.95999908,35.15000153,34.72637558,6827100,General Motors,U.S.
1/15/2020,35,35.31999969,34.88999939,35.15000153,34.72637558,7173900,General Motors,U.S.
1/16/2020,35.20999908,35.58000183,35.15000153,35.54999924,35.12155151,7280800,General Motors,U.S.
1/17/2020,35.56999969,35.72999954,35.40999985,35.59999847,35.17094803,9871700,General Motors,U.S.
1/21/2020,35.36000061,35.54999924,34.95999908,34.99000168,34.56830215,11550500,General Motors,U.S.
1/22/2020,35.13000107,35.34999847,34.86000061,34.90999985,34.48926544,7358400,General Motors,U.S.
1/23/2020,34.77000046,34.99000168,34.00999832,34.88000107,34.45962906,8595200,General Motors,U.S.
1/24/2020,34.90000153,34.99000168,34.00999832,34.31000137,33.89649582,9386600,General Motors,U.S.
1/27/2020,33.63000107,33.75999832,33.16999817,33.40999985,33.00734329,10359100,General Motors,U.S.
1/28/2020,33.56999969,33.86000061,33.34000015,33.63999939,33.23456955,8871000,General Motors,U.S.
1/29/2020,33.79999924,34.04000092,33.59000015,33.59999847,33.1950531,6977700,General Motors,U.S.
1/30/2020,33.40000153,33.45000076,32.97000122,33.33000183,32.92831039,11533000,General Motors,U.S.
1/31/2020,33.25,33.49000168,33.13999939,33.38999939,32.98758316,18631400,General Motors,U.S.
2/3/2020,33.56000137,34.34000015,33.52000046,33.72000122,33.31360626,17937100,General Motors,U.S.
2/4/2020,34.34999847,34.81999969,34.20000076,34.36999893,33.9557724,14346300,General Motors,U.S.
2/5/2020,34.90000153,35.45000076,34.18999863,35.02999878,34.6078186,19050400,General Motors,U.S.
2/6/2020,35.04999924,35.09999847,34.25,34.33000183,33.91625595,11866300,General Motors,U.S.
2/7/2020,34.08000183,34.15999985,33.41999817,33.63000107,33.2246933,14437100,General Motors,U.S.
2/10/2020,33.99000168,34.29999924,33.66999817,34.25,33.83721924,12260600,General Motors,U.S.
2/11/2020,34.34000015,35.25999832,34.06999969,35.00999832,34.58805847,12718600,General Motors,U.S.
2/12/2020,35.33000183,35.79000092,35.13000107,35.49000168,35.06227493,12076300,General Motors,U.S.
2/13/2020,35.20999908,35.52999878,35.15999985,35.29000092,34.86468506,7578400,General Motors,U.S.
2/14/2020,35.29999924,35.38999939,34.41999817,34.75999832,34.34107208,8946000,General Motors,U.S.
2/18/2020,34.25,34.74000168,33.95999908,34.40999985,33.99528885,10531000,General Motors,U.S.
2/19/2020,34.52999878,35.09999847,34.52000046,34.91999817,34.49914169,9079500,General Motors,U.S.
2/20/2020,34.65999985,35.40000153,34.59000015,35.29000092,34.86468506,7817900,General Motors,U.S.
2/21/2020,34.99000168,35.08000183,34.40999985,34.65000153,34.23239899,8431500,General Motors,U.S.
2/24/2020,33.63999939,33.75,32.79000092,33.09000015,32.69120026,14743100,General Motors,U.S.
2/25/2020,33.25,33.27999878,31.39999962,31.75,31.36734962,14621900,General Motors,U.S.
2/26/2020,32.09999847,32.61000061,31.88999939,32,31.61433601,14421900,General Motors,U.S.
2/27/2020,31.29999924,31.92000008,30.54999924,30.70999908,30.3398819,14940400,General Motors,U.S.
2/28/2020,29.78000069,30.5,29.32999992,30.5,30.13241386,20832300,General Motors,U.S.
3/2/2020,30.52000046,31.45000076,29.73999977,31.42000008,31.04132652,14994600,General Motors,U.S.
3/3/2020,31.5,32.29999924,30.26000023,30.52000046,30.152174,15816200,General Motors,U.S.
3/4/2020,31,31.56999969,30.36000061,31.53000069,31.15000153,16227800,General Motors,U.S.
3/5/2020,30.54000092,30.77000046,30.01000023,30.10000038,30.10000038,17921300,General Motors,U.S.
3/6/2020,29.20999908,29.54000092,28.45000076,28.69000053,28.69000053,20009500,General Motors,U.S.
3/9/2020,26,26.12000084,24.14999962,24.69000053,24.69000053,28350600,General Motors,U.S.
3/10/2020,25.97999954,27.13999939,24.59000015,27.12000084,27.12000084,18287700,General Motors,U.S.
3/11/2020,26,26.62000084,25.76000023,26,26,21309700,General Motors,U.S.
3/12/2020,23.60000038,24.35000038,22.5,23.04000092,23.04000092,20344500,General Motors,U.S.
3/13/2020,24.60000038,25.32999992,22.89999962,24.70999908,24.70999908,17909800,General Motors,U.S.
3/16/2020,21.51000023,22.40999985,21,21,21,18056800,General Motors,U.S.
3/17/2020,21.30999947,21.57999992,19.5,20.31999969,20.31999969,23544400,General Motors,U.S.
3/18/2020,18.82999992,19.04999924,14.32999992,16.79999924,16.79999924,39591100,General Motors,U.S.
3/19/2020,16.34000015,18.98999977,15,17.70999908,17.70999908,34361800,General Motors,U.S.
3/20/2020,18.42000008,18.95999908,17.68000031,18.13999939,18.13999939,35702000,General Motors,U.S.
3/23/2020,18.01000023,18.55999947,17.22999954,17.60000038,17.60000038,25419700,General Motors,U.S.
3/24/2020,19.31999969,21.67000008,18.60000038,21.11000061,21.11000061,24082900,General Motors,U.S.
3/25/2020,23,23.14999962,21,21.48999977,21.48999977,27617200,General Motors,U.S.
3/26/2020,21.63999939,22.96999931,21.05999947,22.55999947,22.55999947,16959000,General Motors,U.S.
3/27/2020,21.37000084,21.95999908,20.73999977,21.37999916,21.37999916,18349700,General Motors,U.S.
3/30/2020,22.30999947,22.47999954,20.62999916,21.31999969,21.31999969,18477800,General Motors,U.S.
3/31/2020,20.96999931,22.20999908,20.54999924,20.78000069,20.78000069,20303000,General Motors,U.S.
4/1/2020,19.5,20.17000008,18.98999977,19.26000023,19.26000023,17467100,General Motors,U.S.
4/2/2020,19.10000038,19.69000053,17.79000092,18.19000053,18.19000053,17920600,General Motors,U.S.
4/3/2020,18.39999962,18.78000069,17.85000038,18.04000092,18.04000092,13835500,General Motors,U.S.
4/6/2020,19.10000038,19.76000023,18.54999924,19.54999924,19.54999924,22442100,General Motors,U.S.
4/7/2020,21.27000046,22.20999908,20.70999908,21.29999924,21.29999924,30405600,General Motors,U.S.
4/8/2020,21.73999977,23.60000038,21.46999931,23.12999916,23.12999916,23774400,General Motors,U.S.
4/9/2020,24.15999985,24.98999977,23.57999992,24.05999947,24.05999947,22490500,General Motors,U.S.
4/13/2020,24.04000092,24.10000038,22.71999931,23.01000023,23.01000023,14802600,General Motors,U.S.
4/14/2020,23.60000038,23.77000046,22.67000008,22.97999954,22.97999954,12654700,General Motors,U.S.
4/15/2020,21.92000008,22.27000046,21.46999931,21.65999985,21.65999985,12760900,General Motors,U.S.
4/16/2020,21.63999939,21.64999962,20.55999947,20.87000084,20.87000084,11501700,General Motors,U.S.
4/17/2020,21.92000008,22.54000092,21.82999992,22.47999954,22.47999954,17166300,General Motors,U.S.
4/20/2020,21.71999931,22.63999939,21.44000053,22.37999916,22.37999916,15912400,General Motors,U.S.
4/21/2020,21.27000046,21.88999939,20.97999954,21.23999977,21.23999977,13507300,General Motors,U.S.
4/22/2020,21.64999962,21.78000069,21.06999969,21.29999924,21.29999924,9553600,General Motors,U.S.
4/23/2020,21.54999924,22.05999947,21.45000076,21.52000046,21.52000046,10673000,General Motors,U.S.
4/24/2020,21.70999908,22.23999977,21.54000092,21.95000076,21.95000076,11991400,General Motors,U.S.
4/27/2020,21.52000046,22.56999969,21.13999939,22.45000076,22.45000076,20240600,General Motors,U.S.
4/28/2020,23.18000031,23.39999962,22.10000038,22.18000031,22.18000031,22085500,General Motors,U.S.
4/29/2020,22.75,24.56999969,22.68000031,23.78000069,23.78000069,23541000,General Motors,U.S.
4/30/2020,23.44000053,23.44000053,22.25,22.29000092,22.29000092,15272400,General Motors,U.S.
5/1/2020,21.64999962,21.76000023,20.79999924,20.89999962,20.89999962,17874500,General Motors,U.S.
5/4/2020,20.45000076,20.87999916,20.12000084,20.75,20.75,16188800,General Motors,U.S.
5/5/2020,21.25,21.96999931,21.12000084,21.26000023,21.26000023,17802300,General Motors,U.S.
5/6/2020,23.04999924,23.64999962,21.82999992,21.88999939,21.88999939,34430500,General Motors,U.S.
5/7/2020,22.18000031,22.97999954,22.03000069,22.44000053,22.44000053,16977100,General Motors,U.S.
5/8/2020,23.06999969,24,23.04999924,23.93000031,23.93000031,16562300,General Motors,U.S.
5/11/2020,23.25,23.38999939,22.59000015,22.79999924,22.79999924,16754000,General Motors,U.S.
5/12/2020,22.98999977,23.27000046,22.54999924,22.55999947,22.55999947,12182900,General Motors,U.S.
5/13/2020,22.44000053,22.45000076,21.12999916,21.45999908,21.45999908,16832600,General Motors,U.S.
5/14/2020,20.65999985,22.34000015,20.48999977,22.30999947,22.30999947,15629100,General Motors,U.S.
5/15/2020,21.96999931,22.68000031,21.82999992,22.62999916,22.62999916,14221300,General Motors,U.S.
5/18/2020,24,25.20999908,24,24.80999947,24.80999947,23289200,General Motors,U.S.
5/19/2020,24.75,25.70000076,24.29000092,24.69000053,24.69000053,18484600,General Motors,U.S.
5/20/2020,25.30999947,25.88999939,25.21999931,25.47999954,25.47999954,14056800,General Motors,U.S.
5/21/2020,25.29000092,26.02000046,25.20999908,25.79999924,25.79999924,14320700,General Motors,U.S.
5/22/2020,25.98999977,26.22999954,25.21999931,25.97999954,25.97999954,14317400,General Motors,U.S.
5/26/2020,27.81999969,27.88999939,27.25,27.39999962,27.39999962,18870500,General Motors,U.S.
5/27/2020,28.53000069,28.82999992,26.90999985,27.79000092,27.79000092,15030700,General Motors,U.S.
5/28/2020,27.86000061,27.94000053,26.60000038,26.68000031,26.68000031,11641000,General Motors,U.S.
5/29/2020,26.35000038,26.56999969,25.69000053,25.87999916,25.87999916,22223500,General Motors,U.S.
6/1/2020,25.98999977,27.21999931,25.90999985,26.94000053,26.94000053,10452800,General Motors,U.S.
6/2/2020,27.31999969,27.62000084,26.95000076,27.40999985,27.40999985,10953800,General Motors,U.S.
6/3/2020,28.42000008,29.12999916,28.25,29.06999969,29.06999969,16860900,General Motors,U.S.
6/4/2020,28.86000061,29.44000053,28.52000046,29.15999985,29.15999985,16328800,General Motors,U.S.
6/5/2020,31,31.14999962,29.80999947,30.61000061,30.61000061,29411200,General Motors,U.S.
6/8/2020,31.21999931,31.65999985,30.60000038,30.68000031,30.68000031,15234200,General Motors,U.S.
6/9/2020,29.39999962,30.21999931,28.70999908,29.86000061,29.86000061,16945500,General Motors,U.S.
6/10/2020,29.79999924,29.84000015,28.42000008,28.75,28.75,15648000,General Motors,U.S.
6/11/2020,26.62000084,27.79999924,26.29000092,26.5,26.5,19121900,General Motors,U.S.
6/12/2020,28.71999931,28.95999908,27.06999969,27.95999908,27.95999908,21577300,General Motors,U.S.
6/15/2020,26.61000061,28.10000038,26.56999969,27.77000046,27.77000046,15321200,General Motors,U.S.
6/16/2020,29.11000061,29.18000031,27.47999954,27.78000069,27.78000069,17466100,General Motors,U.S.
6/17/2020,27.78000069,28.04999924,27.12999916,27.15999985,27.15999985,11115100,General Motors,U.S.
6/18/2020,26.89999962,27.54999924,26.70999908,27.09000015,27.09000015,11086400,General Motors,U.S.
6/19/2020,27.73999977,27.82999992,26.32999992,26.59000015,26.59000015,27880400,General Motors,U.S.
6/22/2020,26.60000038,26.63999939,25.85000038,26.37000084,26.37000084,13079500,General Motors,U.S.
6/23/2020,26.75,26.85000038,26.22999954,26.25,26.25,12455400,General Motors,U.S.
6/24/2020,25.85000038,25.97999954,25.01000023,25.28000069,25.28000069,14887800,General Motors,U.S.
6/25/2020,25,25.29000092,24.54000092,25.22999954,25.22999954,14328300,General Motors,U.S.
6/26/2020,25,25.11000061,24.25,24.45999908,24.45999908,16476800,General Motors,U.S.
6/29/2020,24.70999908,25.35000038,24.47999954,25.29999924,25.29999924,10011700,General Motors,U.S.
6/30/2020,25.09000015,25.60000038,24.73999977,25.29999924,25.29999924,14322000,General Motors,U.S.
7/1/2020,25.29999924,25.94000053,24.93000031,24.95999908,24.95999908,11963000,General Motors,U.S.
7/2/2020,25.62000084,25.85000038,25.07999992,25.23999977,25.23999977,22202300,General Motors,U.S.
7/6/2020,25.95999908,26.04000092,25.43000031,25.72999954,25.72999954,9172100,General Motors,U.S.
7/7/2020,25.59000015,25.62999916,25.05999947,25.12999916,25.12999916,11950500,General Motors,U.S.
7/8/2020,25.19000053,25.26000023,24.67000008,24.94000053,24.94000053,11111600,General Motors,U.S.
7/9/2020,24.76000023,24.82999992,23.32999992,23.42000008,23.42000008,17778200,General Motors,U.S.
7/10/2020,23.54999924,24.39999962,23.32999992,24.38999939,24.38999939,15660000,General Motors,U.S.
7/13/2020,24.64999962,25.19000053,24.37000084,24.86000061,24.86000061,14766800,General Motors,U.S.
7/14/2020,24.79999924,25.85000038,24.67000008,25.63999939,25.63999939,16477100,General Motors,U.S.
7/15/2020,26.31999969,27.03000069,26.12999916,26.87999916,26.87999916,14893700,General Motors,U.S.
7/16/2020,26.35000038,27.19000053,26.26000023,26.85000038,26.85000038,9736400,General Motors,U.S.
7/17/2020,26.98999977,27,26.25,26.45000076,26.45000076,8116100,General Motors,U.S.
7/20/2020,26.20999908,26.54000092,25.77000046,26.01000023,26.01000023,8663500,General Motors,U.S.
7/21/2020,26.17000008,26.47999954,25.96999931,26.14999962,26.14999962,9740100,General Motors,U.S.
7/22/2020,25.87000084,26.5,25.79999924,26.29999924,26.29999924,10702600,General Motors,U.S.
7/23/2020,26.44000053,27.32999992,26.32999992,26.76000023,26.76000023,13653500,General Motors,U.S.
7/24/2020,26.60000038,26.87999916,26.11000061,26.25,26.25,8584800,General Motors,U.S.
7/27/2020,25.87999916,25.92000008,25.30999947,25.70000076,25.70000076,16598100,General Motors,U.S.
7/28/2020,25.78000069,26.75,25.69000053,26.32999992,26.32999992,12854300,General Motors,U.S.
7/29/2020,27.04000092,27.04999924,24.93000031,25.88999939,25.88999939,28792100,General Motors,U.S.
7/30/2020,25.12999916,25.45999908,25.02000046,25.20000076,25.20000076,16012000,General Motors,U.S.
7/31/2020,25.12000084,25.14999962,24.44000053,24.88999939,24.88999939,17789000,General Motors,U.S.
8/3/2020,25.05999947,25.77000046,24.81999969,25.63999939,25.63999939,10441200,General Motors,U.S.
8/4/2020,25.87000084,26.03000069,25.51000023,25.79999924,25.79999924,15728800,General Motors,U.S.
8/5/2020,26.20000076,26.35000038,25.87999916,26.32999992,26.32999992,9252700,General Motors,U.S.
8/6/2020,26.17000008,27.19000053,26.14999962,26.62000084,26.62000084,14171800,General Motors,U.S.
8/7/2020,26.47999954,26.80999947,26.17000008,26.71999931,26.71999931,8036100,General Motors,U.S.
8/10/2020,26.90999985,28.05999947,26.86000061,27.97999954,27.97999954,10853600,General Motors,U.S.
8/11/2020,28.46999931,29.35000038,28.44000053,28.52000046,28.52000046,17260200,General Motors,U.S.
8/12/2020,28.98999977,29.75,27.78000069,28.03000069,28.03000069,10062400,General Motors,U.S.
8/13/2020,27.72999954,28.21999931,27.5,27.54999924,27.54999924,7586100,General Motors,U.S.
8/14/2020,27.29000092,28.12999916,27.14999962,27.86000061,27.86000061,8587700,General Motors,U.S.
8/17/2020,28.60000038,30.78000069,28.43000031,30.01000023,30.01000023,33827800,General Motors,U.S.
8/18/2020,30.54999924,31.12000084,29.79000092,29.84000015,29.84000015,23102800,General Motors,U.S.
8/19/2020,29.64999962,30.03000069,29.07999992,29.21999931,29.21999931,14504200,General Motors,U.S.
8/20/2020,28.70000076,29.17000008,28.63999939,28.82999992,28.82999992,9680200,General Motors,U.S.
8/21/2020,28.73999977,28.95000076,28.43000031,28.55999947,28.55999947,9841200,General Motors,U.S.
8/24/2020,29.28000069,30.76000023,28.98999977,30.30999947,30.30999947,20137900,General Motors,U.S.
8/25/2020,30.39999962,30.72999954,29.47999954,29.69000053,29.69000053,13006700,General Motors,U.S.
8/26/2020,29.78000069,29.82999992,29.12000084,29.47999954,29.47999954,9740000,General Motors,U.S.
8/27/2020,29.60000038,30.23999977,29.52000046,29.69000053,29.69000053,8745400,General Motors,U.S.
8/28/2020,29.86000061,30.22999954,29.63999939,30.02000046,30.02000046,9180200,General Motors,U.S.
8/31/2020,30.02000046,30.19000053,29.61000061,29.62999916,29.62999916,9585200,General Motors,U.S.
9/1/2020,29.53000069,29.85000038,29.34000015,29.79000092,29.79000092,9012000,General Motors,U.S.
9/2/2020,29.85000038,31.09000015,29.79999924,30.95999908,30.95999908,16246200,General Motors,U.S.
9/3/2020,30.93000031,31.52000046,29.12999916,29.47999954,29.47999954,22358100,General Motors,U.S.
9/4/2020,29.93000031,30.37000084,29.36000061,30,30,13822000,General Motors,U.S.
9/8/2020,31.71999931,33.33000183,31.04999924,32.38000107,32.38000107,52000000,General Motors,U.S.
9/9/2020,32.11000061,32.75,31.72999954,31.95000076,31.95000076,22375200,General Motors,U.S.
9/10/2020,31.81999969,31.87999916,30.13999939,30.17000008,30.17000008,24845100,General Motors,U.S.
9/11/2020,30.29999924,30.56999969,29.87000084,30.45999908,30.45999908,13638700,General Motors,U.S.
9/14/2020,30.71999931,31.55999947,30.54000092,31.18000031,31.18000031,11972100,General Motors,U.S.
9/15/2020,31.36000061,33.13999939,30.82999992,31.57999992,31.57999992,21096300,General Motors,U.S.
9/16/2020,32.68000031,32.79000092,31.73999977,31.79000092,31.79000092,16397800,General Motors,U.S.
9/17/2020,31.30999947,31.95000076,30.95000076,31.92000008,31.92000008,11459900,General Motors,U.S.
9/18/2020,31.85000038,32.04999924,31.36000061,31.5,31.5,15039900,General Motors,U.S.
9/21/2020,30.29999924,30.42000008,29.15999985,30,30,20577900,General Motors,U.S.
9/22/2020,29.85000038,30.36000061,29.32999992,29.44000053,29.44000053,11106800,General Motors,U.S.
9/23/2020,29.48999977,29.98999977,29.20000076,29.34000015,29.34000015,10899600,General Motors,U.S.
9/24/2020,29.04999924,29.59000015,28.23999977,29.11000061,29.11000061,12393700,General Motors,U.S.
9/25/2020,28.86000061,29.21999931,28.55999947,29,29,9350400,General Motors,U.S.
9/28/2020,29.81999969,30.04000092,29.37999916,29.44000053,29.44000053,8395700,General Motors,U.S.
9/29/2020,29.27000046,29.39999962,28.5,28.73999977,28.73999977,7419900,General Motors,U.S.
9/30/2020,28.88999939,29.81999969,28.88999939,29.59000015,29.59000015,11520100,General Motors,U.S.
10/1/2020,29.52000046,30.51000023,29.14999962,30.37999916,30.37999916,15052900,General Motors,U.S.
10/2/2020,29.64999962,30.89999962,29.59000015,30.45999908,30.45999908,9474000,General Motors,U.S.
10/5/2020,30.85000038,31.29000092,30.79999924,30.95999908,30.95999908,8314100,General Motors,U.S.
10/6/2020,31.27000046,31.45000076,30.29999924,30.39999962,30.39999962,10293700,General Motors,U.S.
10/7/2020,30.85000038,31.76000023,30.80999947,31.62000084,31.62000084,11794500,General Motors,U.S.
10/8/2020,31.89999962,32.63999939,31.79999924,32.20999908,32.20999908,17323300,General Motors,U.S.
10/9/2020,32.29999924,32.68000031,32.02000046,32.15999985,32.15999985,9411700,General Motors,U.S.
10/12/2020,32.36000061,32.66999817,32.11999893,32.20999908,32.20999908,6932600,General Motors,U.S.
10/13/2020,32.13000107,32.27999878,31.46999931,31.87000084,31.87000084,7842100,General Motors,U.S.
10/14/2020,32.08000183,32.24000168,31.53000069,31.67000008,31.67000008,8018000,General Motors,U.S.
10/15/2020,30.98999977,32.68999863,30.95000076,32.59000015,32.59000015,11829800,General Motors,U.S.
10/16/2020,32.88000107,33.47000122,32.68000031,33.45000076,33.45000076,11947300,General Motors,U.S.
10/19/2020,33.5,33.86999893,33.04999924,33.34999847,33.34999847,10527300,General Motors,U.S.
10/20/2020,33.95999908,36.36999893,33.77000046,35.59999847,35.59999847,38660900,General Motors,U.S.
10/21/2020,36.09999847,36.27999878,35.13000107,35.77000046,35.77000046,23277900,General Motors,U.S.
10/22/2020,35.90000153,37.43000031,35.88000107,37.40999985,37.40999985,23288900,General Motors,U.S.
10/23/2020,37.49000168,38.02999878,36.77999878,36.83000183,36.83000183,16296300,General Motors,U.S.
10/26/2020,36.27000046,36.43000031,35.20000076,35.81999969,35.81999969,15448100,General Motors,U.S.
10/27/2020,35.54999924,35.84999847,34.75,34.88999939,34.88999939,11168600,General Motors,U.S.
10/28/2020,33.72999954,34.63000107,33.54999924,34.09000015,34.09000015,15010800,General Motors,U.S.
10/29/2020,34.50999832,35.65999985,34.36000061,34.88999939,34.88999939,14230400,General Motors,U.S.
10/30/2020,34.45999908,35.02999878,33.95999908,34.52999878,34.52999878,13074000,General Motors,U.S.
11/2/2020,35.11999893,35.38000107,34.38000107,34.54999924,34.54999924,14648400,General Motors,U.S.
11/3/2020,35.09999847,35.99000168,34.88999939,35.34999847,35.34999847,11439100,General Motors,U.S.
11/4/2020,35.31000137,35.77000046,34.22999954,35.24000168,35.24000168,14740600,General Motors,U.S.
11/5/2020,36.90000153,37.25,35.34000015,37.13999939,37.13999939,35075000,General Motors,U.S.
11/6/2020,37.5,38.13999939,37.00999832,37.47000122,37.47000122,18089200,General Motors,U.S.
11/9/2020,38.72000122,39.72000122,38.63000107,38.95999908,38.95999908,22100800,General Motors,U.S.
11/10/2020,39.75,41.59000015,39.56000137,41.08000183,41.08000183,26746900,General Motors,U.S.
11/11/2020,41.29000092,41.77000046,40.11000061,40.56000137,40.56000137,19841100,General Motors,U.S.
11/12/2020,40.11000061,40.24000168,38.81000137,39.31999969,39.31999969,20239900,General Motors,U.S.
11/13/2020,39.68999863,41.31999969,39.59999847,41.18999863,41.18999863,15004300,General Motors,U.S.
11/16/2020,41.77000046,42.15000153,40.91999817,42.13000107,42.13000107,16692100,General Motors,U.S.
11/17/2020,41.84999847,42.54000092,41.13999939,41.97999954,41.97999954,16088200,General Motors,U.S.
11/18/2020,42.18999863,44.13000107,42.06000137,42.72000122,42.72000122,27632500,General Motors,U.S.
11/19/2020,42.61000061,43.18999863,42.18000031,42.81999969,42.81999969,17214500,General Motors,U.S.
11/20/2020,42.81000137,43.31999969,42.36999893,43.04000092,43.04000092,16881200,General Motors,U.S.
11/23/2020,43.95999908,45.15999985,43.56000137,44.77000046,44.77000046,22569600,General Motors,U.S.
11/24/2020,45.90999985,46.70999908,45.06999969,46.45999908,46.45999908,20048700,General Motors,U.S.
11/25/2020,45.61000061,46.06000137,44.63999939,45.45999908,45.45999908,16122300,General Motors,U.S.
11/27/2020,45.34999847,45.59000015,44.75,45.06000137,45.06000137,7528800,General Motors,U.S.
11/30/2020,44.95999908,45.31999969,43.61999893,43.84000015,43.84000015,21600500,General Motors,U.S.
12/1/2020,44.77999878,45.45000076,44,44.68000031,44.68000031,12995000,General Motors,U.S.
12/2/2020,44,44.59999847,43.66999817,44.58000183,44.58000183,11280700,General Motors,U.S.
12/2/2019,9.079999924,9.140000343,9,9.010000229,8.859331131,37232700,Ford,U.S.
12/3/2019,8.949999809,8.949999809,8.800000191,8.890000343,8.74133873,40653100,Ford,U.S.
12/4/2019,8.949999809,9.029999733,8.93999958,8.949999809,8.80033493,29982900,Ford,U.S.
12/5/2019,8.970000267,9,8.880000114,8.930000305,8.780669212,25768600,Ford,U.S.
12/6/2019,8.960000038,9.069999695,8.949999809,9.020000458,8.869164467,31086900,Ford,U.S.
12/9/2019,8.970000267,9.069999695,8.960000038,9.010000229,8.859331131,21772900,Ford,U.S.
12/10/2019,9.020000458,9.100000381,8.960000038,9.069999695,8.918327332,34217700,Ford,U.S.
12/11/2019,9.06000042,9.140000343,9.06000042,9.109999657,8.957658768,33204200,Ford,U.S.
12/12/2019,9.109999657,9.359999657,9.109999657,9.319999695,9.164147377,48390900,Ford,U.S.
12/13/2019,9.319999695,9.390000343,9.18999958,9.229999542,9.075652122,35334500,Ford,U.S.
12/16/2019,9.239999771,9.390000343,9.220000267,9.390000343,9.232976913,42337600,Ford,U.S.
12/17/2019,9.380000114,9.409999847,9.31000042,9.390000343,9.232976913,35503900,Ford,U.S.
12/18/2019,9.390000343,9.569999695,9.359999657,9.539999962,9.380468369,45905300,Ford,U.S.
12/19/2019,9.550000191,9.569999695,9.380000114,9.409999847,9.252642632,42236000,Ford,U.S.
12/20/2019,9.5,9.539999962,9.43999958,9.479999542,9.321471214,50191200,Ford,U.S.
12/23/2019,9.5,9.569999695,9.399999619,9.43999958,9.282140732,54784400,Ford,U.S.
12/24/2019,9.43999958,9.489999771,9.430000305,9.470000267,9.311639786,11881600,Ford,U.S.
12/26/2019,9.470000267,9.489999771,9.430000305,9.449999809,9.291973114,28961300,Ford,U.S.
12/27/2019,9.449999809,9.460000038,9.350000381,9.359999657,9.203477859,28272800,Ford,U.S.
12/30/2019,9.340000153,9.350000381,9.229999542,9.25,9.095317841,36074900,Ford,U.S.
12/31/2019,9.25,9.329999924,9.25,9.300000191,9.144481659,32342100,Ford,U.S.
1/2/2020,9.289999962,9.420000076,9.18999958,9.420000076,9.262475014,43425700,Ford,U.S.
1/3/2020,9.31000042,9.369999886,9.149999619,9.210000038,9.055987358,45040800,Ford,U.S.
1/6/2020,9.100000381,9.170000076,9.06000042,9.159999847,9.006822586,43372300,Ford,U.S.
1/7/2020,9.199999809,9.25,9.119999886,9.25,9.095317841,44984100,Ford,U.S.
1/8/2020,9.229999542,9.300000191,9.170000076,9.25,9.095317841,45994900,Ford,U.S.
1/9/2020,9.300000191,9.31000042,9.180000305,9.260000229,9.105151176,51817400,Ford,U.S.
1/10/2020,9.270000458,9.359999657,9.25,9.25,9.095317841,39796300,Ford,U.S.
1/13/2020,9.25,9.260000229,9.109999657,9.239999771,9.085484505,48553700,Ford,U.S.
1/14/2020,9.220000267,9.329999924,9.210000038,9.289999962,9.134649277,42935600,Ford,U.S.
1/15/2020,9.270000458,9.300000191,9.180000305,9.18999958,9.036320686,55923900,Ford,U.S.
1/16/2020,9.229999542,9.279999733,9.149999619,9.170000076,9.016655922,44310400,Ford,U.S.
1/17/2020,9.18999958,9.229999542,9.130000114,9.159999847,9.006822586,41644900,Ford,U.S.
1/21/2020,9.149999619,9.220000267,9.100000381,9.210000038,9.055987358,49556400,Ford,U.S.
1/22/2020,9.220000267,9.25,9.149999619,9.159999847,9.006822586,39914800,Ford,U.S.
1/23/2020,9.140000343,9.159999847,8.930000305,9.140000343,8.987157822,75848700,Ford,U.S.
1/24/2020,9.109999657,9.119999886,8.960000038,9,8.849498749,68100900,Ford,U.S.
1/27/2020,8.880000114,8.960000038,8.779999733,8.890000343,8.74133873,60769300,Ford,U.S.
1/28/2020,8.93999958,9,8.859999657,8.970000267,8.820000648,85163400,Ford,U.S.
1/29/2020,8.850000381,8.960000038,8.840000153,8.859999657,8.859999657,59057400,Ford,U.S.
1/30/2020,8.81000042,8.840000153,8.729999542,8.840000153,8.840000153,42827800,Ford,U.S.
1/31/2020,8.779999733,8.840000153,8.739999771,8.819999695,8.819999695,59813700,Ford,U.S.
2/3/2020,8.850000381,9.140000343,8.850000381,8.979999542,8.979999542,71432700,Ford,U.S.
2/4/2020,9.079999924,9.239999771,9.069999695,9.180000305,9.180000305,86196400,Ford,U.S.
2/5/2020,8.409999847,8.479999542,8.260000229,8.31000042,8.31000042,145792500,Ford,U.S.
2/6/2020,8.369999886,8.380000114,8.25,8.25,8.25,68823400,Ford,U.S.
2/7/2020,8.210000038,8.210000038,8.020000458,8.109999657,8.109999657,98256500,Ford,U.S.
2/10/2020,8.149999619,8.149999619,8.050000191,8.06000042,8.06000042,71834900,Ford,U.S.
2/11/2020,8.100000381,8.149999619,8.079999924,8.100000381,8.100000381,80164500,Ford,U.S.
2/12/2020,8.140000343,8.329999924,8.130000114,8.239999771,8.239999771,111536800,Ford,U.S.
2/13/2020,8.210000038,8.359999657,8.210000038,8.25,8.25,67648800,Ford,U.S.
2/14/2020,8.270000458,8.270000458,8.079999924,8.100000381,8.100000381,46359700,Ford,U.S.
2/18/2020,8.119999886,8.149999619,8.020000458,8.06000042,8.06000042,65094800,Ford,U.S.
2/19/2020,8.06000042,8.100000381,8,8,8,69668200,Ford,U.S.
2/20/2020,8,8.069999695,7.989999771,8.029999733,8.029999733,52318200,Ford,U.S.
2/21/2020,8.020000458,8.029999733,7.889999866,7.889999866,7.889999866,58326300,Ford,U.S.
2/24/2020,7.699999809,7.71999979,7.550000191,7.570000172,7.570000172,110048200,Ford,U.S.
2/25/2020,7.679999828,7.679999828,7.21999979,7.230000019,7.230000019,108888300,Ford,U.S.
2/26/2020,7.300000191,7.460000038,7.210000038,7.210000038,7.210000038,92469500,Ford,U.S.
2/27/2020,7.130000114,7.28000021,6.920000076,6.96999979,6.96999979,118642400,Ford,U.S.
2/28/2020,6.840000153,6.960000038,6.670000076,6.960000038,6.960000038,116546700,Ford,U.S.
3/2/2020,7.110000134,7.230000019,6.880000114,7.199999809,7.199999809,96766000,Ford,U.S.
3/3/2020,7.289999962,7.340000153,6.889999866,6.96999979,6.96999979,97457800,Ford,U.S.
3/4/2020,7.090000153,7.090000153,6.920000076,7.079999924,7.079999924,70588100,Ford,U.S.
3/5/2020,6.960000038,6.96999979,6.710000038,6.739999771,6.739999771,78070900,Ford,U.S.
3/6/2020,6.599999905,6.679999828,6.400000095,6.489999771,6.489999771,109932200,Ford,U.S.
3/9/2020,5.96999979,6.139999866,5.869999886,5.900000095,5.900000095,103901700,Ford,U.S.
3/10/2020,6.260000229,6.289999962,5.800000191,6.260000229,6.260000229,101873600,Ford,U.S.
3/11/2020,6.059999943,6.110000134,5.880000114,5.900000095,5.900000095,98587100,Ford,U.S.
3/12/2020,5.380000114,5.690000057,5.199999809,5.349999905,5.349999905,89453100,Ford,U.S.
3/13/2020,5.869999886,5.900000095,5.119999886,5.630000114,5.630000114,125375300,Ford,U.S.
3/16/2020,5.039999962,5.21999979,5,5.010000229,5.010000229,110310900,Ford,U.S.
3/17/2020,5.079999924,5.139999866,4.699999809,5.010000229,5.010000229,104233500,Ford,U.S.
3/18/2020,4.75,4.840000153,4.099999905,4.5,4.5,125954700,Ford,U.S.
3/19/2020,4.329999924,4.579999924,4.099999905,4.46999979,4.46999979,126603800,Ford,U.S.
3/20/2020,4.539999962,4.75,4.25,4.329999924,4.329999924,129378600,Ford,U.S.
3/23/2020,4.269999981,4.519999981,3.960000038,4.010000229,4.010000229,134925000,Ford,U.S.
3/24/2020,4.46999979,4.989999771,4.260000229,4.949999809,4.949999809,146192100,Ford,U.S.
3/25/2020,5.769999981,5.869999886,5.119999886,5.389999866,5.389999866,198999400,Ford,U.S.
3/26/2020,5.360000134,5.650000095,5.159999847,5.25,5.25,138227600,Ford,U.S.
3/27/2020,5.070000172,5.300000191,4.909999847,5.190000057,5.190000057,106324000,Ford,U.S.
3/30/2020,5.110000134,5.119999886,4.929999828,5.03000021,5.03000021,97879700,Ford,U.S.
3/31/2020,5.03000021,5.190000057,4.75,4.829999924,4.829999924,231800800,Ford,U.S.
4/1/2020,4.630000114,4.769999981,4.360000134,4.400000095,4.400000095,119174500,Ford,U.S.
4/2/2020,4.389999866,4.570000172,4.25,4.360000134,4.360000134,90891700,Ford,U.S.
4/3/2020,4.400000095,4.420000076,4.170000076,4.239999771,4.239999771,85659900,Ford,U.S.
4/6/2020,4.539999962,4.670000076,4.409999847,4.53000021,4.53000021,102205300,Ford,U.S.
4/7/2020,4.849999905,5.03000021,4.630000114,4.710000038,4.710000038,115150400,Ford,U.S.
4/8/2020,4.860000134,5.090000153,4.800000191,5.03000021,5.03000021,117022200,Ford,U.S.
4/9/2020,5.510000229,5.75,5.239999771,5.369999886,5.369999886,175833700,Ford,U.S.
4/13/2020,5.429999828,5.429999828,5.019999981,5.159999847,5.159999847,99320000,Ford,U.S.
4/14/2020,5.269999981,5.440000057,5.159999847,5.289999962,5.289999962,74877000,Ford,U.S.
4/15/2020,5.059999943,5.139999866,4.949999809,5.03000021,5.03000021,74727700,Ford,U.S.
4/16/2020,5.059999943,5.070000172,4.889999866,4.940000057,4.940000057,58951200,Ford,U.S.
4/17/2020,5.170000076,5.28000021,5.03000021,5.119999886,5.119999886,91989300,Ford,U.S.
4/20/2020,5.010000229,5.090000153,4.909999847,4.980000019,4.980000019,71079400,Ford,U.S.
4/21/2020,4.889999866,4.920000076,4.71999979,4.769999981,4.769999981,82400200,Ford,U.S.
4/22/2020,4.869999886,4.889999866,4.75,4.769999981,4.769999981,62398600,Ford,U.S.
4/23/2020,4.800000191,4.980000019,4.769999981,4.889999866,4.889999866,61959800,Ford,U.S.
4/24/2020,4.929999828,4.960000038,4.800000191,4.869999886,4.869999886,54352500,Ford,U.S.
4/27/2020,4.909999847,5.190000057,4.880000114,5.170000076,5.170000076,91082800,Ford,U.S.
4/28/2020,5.489999771,5.539999962,5.21999979,5.380000114,5.380000114,106222800,Ford,U.S.
4/29/2020,5.329999924,5.5,5.210000038,5.260000229,5.260000229,126393000,Ford,U.S.
4/30/2020,5.159999847,5.239999771,5.059999943,5.090000153,5.090000153,93437900,Ford,U.S.
5/1/2020,5.019999981,5.050000191,4.900000095,4.920000076,4.920000076,82660100,Ford,U.S.
5/4/2020,4.880000114,4.96999979,4.769999981,4.860000134,4.860000134,84214700,Ford,U.S.
5/5/2020,4.989999771,5.090000153,4.940000057,4.96999979,4.96999979,96301300,Ford,U.S.
5/6/2020,5.050000191,5.090000153,4.820000172,4.869999886,4.869999886,89390400,Ford,U.S.
5/7/2020,4.900000095,4.980000019,4.849999905,4.869999886,4.869999886,67222900,Ford,U.S.
5/8/2020,4.960000038,5.25,4.949999809,5.239999771,5.239999771,101333800,Ford,U.S.
5/11/2020,5.179999828,5.190000057,5.050000191,5.119999886,5.119999886,75734000,Ford,U.S.
5/12/2020,5.150000095,5.21999979,4.96999979,4.980000019,4.980000019,70965200,Ford,U.S.
5/13/2020,5,5.010000229,4.659999847,4.71999979,4.71999979,100192300,Ford,U.S.
5/14/2020,4.639999866,4.920000076,4.519999981,4.889999866,4.889999866,108061100,Ford,U.S.
5/15/2020,4.800000191,4.940000057,4.75,4.900000095,4.900000095,80544700,Ford,U.S.
5/18/2020,5.119999886,5.329999924,5.119999886,5.309999943,5.309999943,136241400,Ford,U.S.
5/19/2020,5.269999981,5.449999809,5.150000095,5.300000191,5.300000191,94836300,Ford,U.S.
5/20/2020,5.380000114,5.539999962,5.369999886,5.489999771,5.489999771,87685400,Ford,U.S.
5/21/2020,5.449999809,5.690000057,5.440000057,5.630000114,5.630000114,87098200,Ford,U.S.
5/22/2020,5.679999828,5.730000019,5.5,5.650000095,5.650000095,76656500,Ford,U.S.
5/26/2020,5.920000076,5.989999771,5.820000172,5.840000153,5.840000153,86046300,Ford,U.S.
5/27/2020,6.010000229,6.090000153,5.840000153,6.03000021,6.03000021,110413900,Ford,U.S.
5/28/2020,6.050000191,6.070000172,5.809999943,5.849999905,5.849999905,76930200,Ford,U.S.
5/29/2020,5.75,5.800000191,5.570000172,5.710000038,5.710000038,93039200,Ford,U.S.
6/1/2020,5.730000019,5.880000114,5.670000076,5.869999886,5.869999886,61879700,Ford,U.S.
6/2/2020,5.960000038,6,5.829999924,5.900000095,5.900000095,80046000,Ford,U.S.
6/3/2020,5.989999771,6.269999981,5.920000076,6.190000057,6.190000057,98876600,Ford,U.S.
6/4/2020,6.199999809,6.579999924,6.119999886,6.570000172,6.570000172,115798600,Ford,U.S.
6/5/2020,7.239999771,7.5,7.019999981,7.340000153,7.340000153,208530500,Ford,U.S.
6/8/2020,7.53000021,7.739999771,7.369999886,7.53000021,7.53000021,113169300,Ford,U.S.
6/9/2020,7.21999979,7.440000057,7.050000191,7.239999771,7.239999771,115749600,Ford,U.S.
6/10/2020,7.329999924,7.340000153,6.769999981,6.809999943,6.809999943,147327100,Ford,U.S.
6/11/2020,6.070000172,6.460000038,6.039999962,6.130000114,6.130000114,116184700,Ford,U.S.
6/12/2020,6.559999943,6.630000114,6.300000191,6.460000038,6.460000038,88719000,Ford,U.S.
6/15/2020,6.179999828,6.579999924,6.110000134,6.5,6.5,104742600,Ford,U.S.
6/16/2020,6.869999886,6.869999886,6.440000057,6.550000191,6.550000191,109535200,Ford,U.S.
6/17/2020,6.559999943,6.559999943,6.309999943,6.329999924,6.329999924,67732200,Ford,U.S.
6/18/2020,6.260000229,6.449999809,6.190000057,6.329999924,6.329999924,61301800,Ford,U.S.
6/19/2020,6.639999866,6.690000057,6.230000019,6.230000019,6.230000019,126127800,Ford,U.S.
6/22/2020,6.269999981,6.28000021,6.130000114,6.28000021,6.28000021,71724300,Ford,U.S.
6/23/2020,6.329999924,6.380000114,6.139999866,6.150000095,6.150000095,86672800,Ford,U.S.
6/24/2020,6.059999943,6.119999886,5.860000134,5.949999809,5.949999809,75536300,Ford,U.S.
6/25/2020,5.860000134,6.050000191,5.800000191,6.03000021,6.03000021,73612700,Ford,U.S.
6/26/2020,6.039999962,6.070000172,5.809999943,5.909999847,5.909999847,118435400,Ford,U.S.
6/29/2020,5.909999847,6.070000172,5.809999943,6.010000229,6.010000229,58208400,Ford,U.S.
6/30/2020,5.980000019,6.099999905,5.900000095,6.079999924,6.079999924,61909300,Ford,U.S.
7/1/2020,6.099999905,6.179999828,5.949999809,5.980000019,5.980000019,62454700,Ford,U.S.
7/2/2020,6.099999905,6.170000076,6,6.050000191,6.050000191,67270500,Ford,U.S.
7/6/2020,6.139999866,6.199999809,6.110000134,6.190000057,6.190000057,63921800,Ford,U.S.
7/7/2020,6.139999866,6.199999809,6.090000153,6.119999886,6.119999886,56652000,Ford,U.S.
7/8/2020,6.130000114,6.179999828,6.050000191,6.090000153,6.090000153,60928600,Ford,U.S.
7/9/2020,6.090000153,6.099999905,5.820000172,5.840000153,5.840000153,82693000,Ford,U.S.
7/10/2020,5.800000191,6.099999905,5.739999771,6.099999905,6.099999905,73710700,Ford,U.S.
7/13/2020,6.150000095,6.21999979,6.050000191,6.059999943,6.059999943,80190700,Ford,U.S.
7/14/2020,6.179999828,6.389999866,6.079999924,6.360000134,6.360000134,106131800,Ford,U.S.
7/15/2020,6.539999962,6.78000021,6.519999981,6.739999771,6.739999771,101648700,Ford,U.S.
7/16/2020,6.659999847,6.900000095,6.630000114,6.860000134,6.860000134,93498500,Ford,U.S.
7/17/2020,6.900000095,6.909999847,6.730000019,6.800000191,6.800000191,80769000,Ford,U.S.
7/20/2020,6.800000191,6.849999905,6.579999924,6.659999847,6.659999847,71361700,Ford,U.S.
7/21/2020,6.710000038,6.809999943,6.639999866,6.679999828,6.679999828,63343900,Ford,U.S.
7/22/2020,6.639999866,6.880000114,6.610000134,6.840000153,6.840000153,75629600,Ford,U.S.
7/23/2020,6.869999886,7.059999943,6.800000191,6.980000019,6.980000019,88652600,Ford,U.S.
7/24/2020,6.900000095,7.010000229,6.860000134,6.880000114,6.880000114,62292000,Ford,U.S.
7/27/2020,6.920000076,6.940000057,6.769999981,6.929999828,6.929999828,60370200,Ford,U.S.
7/28/2020,6.900000095,7.050000191,6.900000095,7.010000229,7.010000229,56312500,Ford,U.S.
7/29/2020,7.050000191,7.059999943,6.829999924,6.920000076,6.920000076,59437200,Ford,U.S.
7/30/2020,6.739999771,6.829999924,6.670000076,6.739999771,6.739999771,58991000,Ford,U.S.
7/31/2020,6.889999866,6.900000095,6.519999981,6.610000134,6.610000134,115394100,Ford,U.S.
8/3/2020,6.650000095,6.71999979,6.53000021,6.690000057,6.690000057,53845900,Ford,U.S.
8/4/2020,6.909999847,6.909999847,6.730000019,6.860000134,6.860000134,69377600,Ford,U.S.
8/5/2020,6.860000134,7.03000021,6.860000134,6.960000038,6.960000038,82716400,Ford,U.S.
8/6/2020,6.929999828,7,6.889999866,6.929999828,6.929999828,48668500,Ford,U.S.
8/7/2020,6.869999886,6.920000076,6.789999962,6.860000134,6.860000134,47455200,Ford,U.S.
8/10/2020,6.909999847,7.130000114,6.909999847,7.090000153,7.090000153,57229000,Ford,U.S.
8/11/2020,7.210000038,7.380000114,7.190000057,7.230000019,7.230000019,74016400,Ford,U.S.
8/12/2020,7.329999924,7.369999886,7.059999943,7.110000134,7.110000134,59194100,Ford,U.S.
8/13/2020,7.03000021,7.179999828,7,7.03000021,7.03000021,50066800,Ford,U.S.
8/14/2020,6.96999979,7.110000134,6.929999828,7.039999962,7.039999962,43517700,Ford,U.S.
8/17/2020,7.050000191,7.059999943,6.869999886,6.980000019,6.980000019,64555200,Ford,U.S.
8/18/2020,6.980000019,7.010000229,6.889999866,6.889999866,6.889999866,40444200,Ford,U.S.
8/19/2020,6.889999866,7.019999981,6.860000134,6.869999886,6.869999886,44158100,Ford,U.S.
8/20/2020,6.769999981,6.889999866,6.730000019,6.840000153,6.840000153,41824500,Ford,U.S.
8/21/2020,6.78000021,6.849999905,6.650000095,6.659999847,6.659999847,39158900,Ford,U.S.
8/24/2020,6.730000019,7,6.690000057,6.980000019,6.980000019,64974700,Ford,U.S.
8/25/2020,7.010000229,7.099999905,6.860000134,6.940000057,6.940000057,49550000,Ford,U.S.
8/26/2020,6.940000057,6.96999979,6.769999981,6.820000172,6.820000172,48600100,Ford,U.S.
8/27/2020,6.829999924,6.980000019,6.829999924,6.909999847,6.909999847,45740900,Ford,U.S.
8/28/2020,6.929999828,6.949999809,6.860000134,6.940000057,6.940000057,39936900,Ford,U.S.
8/31/2020,6.900000095,6.929999828,6.789999962,6.820000172,6.820000172,50089500,Ford,U.S.
9/1/2020,6.769999981,6.869999886,6.71999979,6.829999924,6.829999924,48214200,Ford,U.S.
9/2/2020,6.809999943,6.96999979,6.769999981,6.949999809,6.949999809,59008900,Ford,U.S.
9/3/2020,6.920000076,7.090000153,6.760000229,6.820000172,6.820000172,78130900,Ford,U.S.
9/4/2020,6.860000134,6.949999809,6.75,6.900000095,6.900000095,70017500,Ford,U.S.
9/8/2020,6.829999924,7.170000076,6.809999943,7.03000021,7.03000021,84749300,Ford,U.S.
9/9/2020,7.070000172,7.099999905,6.929999828,6.96999979,6.96999979,56501400,Ford,U.S.
9/10/2020,6.989999771,7.039999962,6.869999886,6.909999847,6.909999847,69228600,Ford,U.S.
9/11/2020,6.940000057,7,6.849999905,7,7,55080600,Ford,U.S.
9/14/2020,7.010000229,7.179999828,6.980000019,7.119999886,7.119999886,58704300,Ford,U.S.
9/15/2020,7.159999847,7.179999828,7,7.039999962,7.039999962,65198500,Ford,U.S.
9/16/2020,7.050000191,7.119999886,6.989999771,7.019999981,7.019999981,46245800,Ford,U.S.
9/17/2020,7.039999962,7.340000153,6.980000019,7.28000021,7.28000021,84850100,Ford,U.S.
9/18/2020,7.309999943,7.400000095,7.21999979,7.230000019,7.230000019,71929400,Ford,U.S.
9/21/2020,7.090000153,7.090000153,6.809999943,6.869999886,6.869999886,72850300,Ford,U.S.
9/22/2020,6.889999866,6.989999771,6.769999981,6.78000021,6.78000021,55865500,Ford,U.S.
9/23/2020,6.809999943,6.929999828,6.630000114,6.639999866,6.639999866,52588600,Ford,U.S.
9/24/2020,6.599999905,6.760000229,6.409999847,6.659999847,6.659999847,59822900,Ford,U.S.
9/25/2020,6.610000134,6.710000038,6.5,6.510000229,6.510000229,53761800,Ford,U.S.
9/28/2020,6.590000153,6.769999981,6.579999924,6.690000057,6.690000057,47582600,Ford,U.S.
9/29/2020,6.690000057,6.699999809,6.539999962,6.599999905,6.599999905,38987300,Ford,U.S.
9/30/2020,6.610000134,6.75,6.590000153,6.659999847,6.659999847,55809500,Ford,U.S.
10/1/2020,6.710000038,6.769999981,6.630000114,6.75,6.75,58340600,Ford,U.S.
10/2/2020,6.619999886,6.929999828,6.599999905,6.889999866,6.889999866,60798400,Ford,U.S.
10/5/2020,6.949999809,7.050000191,6.949999809,7.019999981,7.019999981,42359400,Ford,U.S.
10/6/2020,7.059999943,7.25,6.960000038,6.980000019,6.980000019,78203800,Ford,U.S.
10/7/2020,7.110000134,7.25,7.059999943,7.230000019,7.230000019,50664100,Ford,U.S.
10/8/2020,7.289999962,7.349999905,7.199999809,7.349999905,7.349999905,54513300,Ford,U.S.
10/9/2020,7.360000134,7.440000057,7.230000019,7.25,7.25,50977900,Ford,U.S.
10/12/2020,7.360000134,7.869999886,7.329999924,7.670000076,7.670000076,97692900,Ford,U.S.
10/13/2020,7.820000172,7.880000114,7.630000114,7.760000229,7.760000229,74562600,Ford,U.S.
10/14/2020,7.730000019,7.75,7.550000191,7.570000172,7.570000172,57808900,Ford,U.S.
10/15/2020,7.420000076,7.619999886,7.369999886,7.619999886,7.619999886,49336200,Ford,U.S.
10/16/2020,7.710000038,7.75,7.610000134,7.670000076,7.670000076,47509400,Ford,U.S.
10/19/2020,7.679999828,7.71999979,7.570000172,7.590000153,7.590000153,38960700,Ford,U.S.
10/20/2020,7.619999886,7.849999905,7.579999924,7.739999771,7.739999771,63447000,Ford,U.S.
10/21/2020,7.769999981,7.880000114,7.730000019,7.849999905,7.849999905,51981100,Ford,U.S.
10/22/2020,7.929999828,8.220000267,7.889999866,8.210000038,8.210000038,74008500,Ford,U.S.
10/23/2020,8.300000191,8.350000381,8.090000153,8.159999847,8.159999847,62249000,Ford,U.S.
10/26/2020,8.039999962,8.069999695,7.940000057,8.029999733,8.029999733,62131000,Ford,U.S.
10/27/2020,8.010000229,8.090000153,7.900000095,7.920000076,7.920000076,64154500,Ford,U.S.
10/28/2020,7.679999828,7.880000114,7.630000114,7.699999809,7.699999809,82938300,Ford,U.S.
10/29/2020,8.170000076,8.239999771,7.849999905,7.900000095,7.900000095,118999900,Ford,U.S.
10/30/2020,7.849999905,7.909999847,7.610000134,7.730000019,7.730000019,79345600,Ford,U.S.
11/2/2020,7.829999924,7.860000134,7.679999828,7.710000038,7.710000038,59962900,Ford,U.S.
11/3/2020,7.760000229,7.929999828,7.730000019,7.880000114,7.880000114,65108800,Ford,U.S.
11/4/2020,7.860000134,7.869999886,7.630000114,7.639999866,7.639999866,67326800,Ford,U.S.
11/5/2020,7.760000229,7.989999771,7.710000038,7.989999771,7.989999771,61442600,Ford,U.S.
11/6/2020,8.010000229,8.020000458,7.75,7.789999962,7.789999962,50912100,Ford,U.S.
11/9/2020,8.109999657,8.380000114,8.079999924,8.199999809,8.199999809,110511300,Ford,U.S.
11/10/2020,8.229999542,8.590000153,8.180000305,8.380000114,8.380000114,87468400,Ford,U.S.
11/11/2020,8.600000381,8.600000381,8.289999962,8.329999924,8.329999924,75644400,Ford,U.S.
11/12/2020,8.260000229,8.289999962,8.100000381,8.210000038,8.210000038,81064900,Ford,U.S.
11/13/2020,8.229999542,8.569999695,8.229999542,8.539999962,8.539999962,79475100,Ford,U.S.
11/16/2020,8.739999771,8.850000381,8.609999657,8.800000191,8.800000191,84853900,Ford,U.S.
11/17/2020,8.659999847,8.850000381,8.630000114,8.75,8.75,46754500,Ford,U.S.
11/18/2020,8.819999695,9.050000191,8.779999733,8.819999695,8.819999695,77759300,Ford,U.S.
11/19/2020,8.880000114,8.880000114,8.739999771,8.819999695,8.819999695,56672700,Ford,U.S.
11/20/2020,8.81000042,8.819999695,8.680000305,8.739999771,8.739999771,56955200,Ford,U.S.
11/23/2020,8.819999695,8.979999542,8.779999733,8.859999657,8.859999657,71537100,Ford,U.S.
11/24/2020,9.149999619,9.5,9.140000343,9.449999809,9.449999809,99520500,Ford,U.S.
11/25/2020,9.199999809,9.25,9,9.079999924,9.079999924,95217800,Ford,U.S.
11/27/2020,9.119999886,9.140000343,9.029999733,9.090000153,9.090000153,27853900,Ford,U.S.
11/30/2020,9.229999542,9.229999542,8.979999542,9.079999924,9.079999924,77970100,Ford,U.S.
12/1/2020,9.159999847,9.399999619,9.159999847,9.239999771,9.239999771,68970300,Ford,U.S.
12/2/2020,9.159999847,9.239999771,9.079999924,9.199999809,9.199999809,48345000,Ford,U.S.
12/2/2019,14.77999973,14.81999969,14.67000008,14.72999954,13.44913006,1959300,Chrysler,U.S.
12/3/2019,14.56999969,14.76000023,14.52999973,14.75,13.46739197,2864600,Chrysler,U.S.
12/4/2019,14.78999996,15.02999973,14.57999992,14.60999966,13.33956528,3716900,Chrysler,U.S.
12/5/2019,14.65999985,14.78999996,14.65999985,14.77999973,13.49478245,1642800,Chrysler,U.S.
12/6/2019,14.75,14.77000046,14.60999966,14.63000011,13.35782623,2279200,Chrysler,U.S.
12/9/2019,14.52000046,14.57999992,14.48999977,14.51000023,13.24826145,1692500,Chrysler,U.S.
12/10/2019,14.46000004,14.53999996,14.39999962,14.40999985,13.15695667,1740600,Chrysler,U.S.
12/11/2019,14.38000011,14.40999985,14.22999954,14.32999992,13.08391285,9931600,Chrysler,U.S.
12/12/2019,14.48999977,14.81000042,14.48999977,14.69999981,13.42173958,7216300,Chrysler,U.S.
12/13/2019,14.93000031,15.05000019,14.77999973,14.84000015,13.54956532,3970700,Chrysler,U.S.
12/16/2019,14.98999977,15.14999962,14.97999954,15.10000038,13.78695679,4459300,Chrysler,U.S.
12/17/2019,15.17000008,15.43000031,15.14999962,15.32999992,13.99695683,3196800,Chrysler,U.S.
12/18/2019,15.18000031,15.28999996,15.13000011,15.18999958,13.86913013,4886600,Chrysler,U.S.
12/19/2019,15.15999985,15.21000004,15.06000042,15.14000034,13.8234787,3867800,Chrysler,U.S.
12/20/2019,15.14999962,15.14999962,14.94999981,14.96000004,13.65913105,3895400,Chrysler,U.S.
12/23/2019,14.98999977,15.05000019,14.93000031,14.97999954,13.67739105,3081800,Chrysler,U.S.
12/24/2019,14.94999981,14.97000027,14.73999977,14.78999996,13.50391293,954900,Chrysler,U.S.
12/26/2019,14.80000019,14.89000034,14.78999996,14.84000015,13.54956532,1228700,Chrysler,U.S.
12/27/2019,14.93999958,15,14.85999966,14.86999989,13.57695675,1933900,Chrysler,U.S.
12/30/2019,14.85999966,14.90999985,14.68000031,14.68999958,13.41260815,1664200,Chrysler,U.S.
12/31/2019,14.64999962,14.73999977,14.64000034,14.68999958,13.41260815,1477200,Chrysler,U.S.
1/2/2020,14.97999954,15.10000038,14.90999985,15.07999992,13.76869583,3387500,Chrysler,U.S.
1/3/2020,14.64000034,14.67000008,14.48999977,14.48999977,13.2300005,2643100,Chrysler,U.S.
1/6/2020,14.32999992,14.46000004,14.32999992,14.44999981,13.19347858,1713200,Chrysler,U.S.
1/7/2020,14.46000004,14.5,14.17000008,14.18999958,12.95608711,7549800,Chrysler,U.S.
1/8/2020,14.27000046,14.34000015,14.18999958,14.25,13.01086998,2056500,Chrysler,U.S.
1/9/2020,14.38000011,14.38000011,14.19999981,14.25,13.01086998,1818700,Chrysler,U.S.
1/10/2020,14.34000015,14.35999966,14.14000034,14.14999962,12.9195652,3207800,Chrysler,U.S.
1/13/2020,14.21000004,14.25,14.14000034,14.23999977,13.0017395,2558900,Chrysler,U.S.
1/14/2020,14.15999985,14.18999958,14.03999996,14.06000042,12.83739185,2715000,Chrysler,U.S.
1/15/2020,13.90999985,13.93999958,13.78999996,13.81000042,12.60913086,3019200,Chrysler,U.S.
1/16/2020,13.82999992,13.90999985,13.78999996,13.89000034,12.68217468,3522200,Chrysler,U.S.
1/17/2020,13.86999989,13.88000011,13.71000004,13.75,12.55434799,1947900,Chrysler,U.S.
1/21/2020,13.78999996,13.81000042,13.61999989,13.64999962,12.46304321,3950700,Chrysler,U.S.
1/22/2020,13.60000038,13.60000038,13.44999981,13.46000004,12.28956509,4326200,Chrysler,U.S.
1/23/2020,13.35000038,13.44999981,13.23999977,13.42000008,12.25304413,3706000,Chrysler,U.S.
1/24/2020,13.48999977,13.52000046,13.27000046,13.35000038,12.18913078,3287900,Chrysler,U.S.
1/27/2020,13.02000046,13.13000011,12.98999977,13.06999969,11.93347836,2655500,Chrysler,U.S.
1/28/2020,13.19999981,13.28999996,13.14000034,13.27999973,12.12521744,3364500,Chrysler,U.S.
1/29/2020,13.30000019,13.38000011,13.23999977,13.23999977,12.08869553,4073300,Chrysler,U.S.
1/30/2020,13.18000031,13.27999973,13.06000042,13.26000023,12.10695744,5356500,Chrysler,U.S.
1/31/2020,13.07999992,13.07999992,12.93999958,13.02000046,11.88782692,3521800,Chrysler,U.S.
2/3/2020,13.02999973,13.17000008,12.86999989,12.88000011,11.76000023,3539900,Chrysler,U.S.
2/4/2020,13.39000034,13.39000034,13.18999958,13.21000004,12.06130505,4352400,Chrysler,U.S.
2/5/2020,13.52000046,13.64000034,13.42000008,13.61999989,12.43565273,4169400,Chrysler,U.S.
2/6/2020,13.93000031,13.93000031,13.52999973,13.68000031,12.4904356,3555000,Chrysler,U.S.
2/7/2020,13.27999973,13.39999962,13.18000031,13.18999958,12.04304314,3497700,Chrysler,U.S.
2/10/2020,13.10999966,13.17000008,13.02999973,13.13000011,11.98826122,2420600,Chrysler,U.S.
2/11/2020,13.18000031,13.35000038,13.17000008,13.31999969,12.16173935,3663600,Chrysler,U.S.
2/12/2020,13.60000038,13.75,13.56999969,13.64999962,12.46304321,2651600,Chrysler,U.S.
2/13/2020,13.46000004,13.51000023,13.39999962,13.43999958,12.27130413,1495800,Chrysler,U.S.
2/14/2020,13.39999962,13.40999985,13.23999977,13.27000046,12.11608791,1346500,Chrysler,U.S.
2/18/2020,13.18999958,13.23999977,13.13000011,13.17000008,12.02478313,2076800,Chrysler,U.S.
2/19/2020,13.22000027,13.27000046,13.19999981,13.21000004,12.06130505,1683500,Chrysler,U.S.
2/20/2020,13.27000046,13.35999966,13.22999954,13.30000019,12.14347839,1655200,Chrysler,U.S.
2/21/2020,13.18999958,13.19999981,13.03999996,13.10000038,11.96086979,1983900,Chrysler,U.S.
2/24/2020,12.26000023,12.35999966,12.18000031,12.21000004,11.14826107,9285600,Chrysler,U.S.
2/25/2020,12.32999992,12.35000038,11.93999958,11.96000004,10.92000008,7677600,Chrysler,U.S.
2/26/2020,12.85999966,12.89999962,12.5,12.5,11.41304398,10291200,Chrysler,U.S.
2/27/2020,12.55000019,12.86999989,12.35999966,12.35999966,11.28521729,10290400,Chrysler,U.S.
2/28/2020,12.21000004,12.53999996,12.13000011,12.43999958,11.35826111,11497100,Chrysler,U.S.
3/2/2020,12.15999985,12.38000011,11.92000008,12.34000015,11.26695728,6096600,Chrysler,U.S.
3/3/2020,12.39000034,12.56999969,11.92000008,12,10.95652199,6979100,Chrysler,U.S.
3/4/2020,12.21000004,12.39999962,12.10000038,12.38000011,11.30347824,4578200,Chrysler,U.S.
3/5/2020,12.11999989,12.22999954,11.85999966,11.90999985,10.87434769,4189200,Chrysler,U.S.
3/6/2020,11.84000015,11.97999954,11.71000004,11.82999992,10.80130482,5354500,Chrysler,U.S.
3/9/2020,10.78999996,11,10.43999958,10.53999996,9.623478889,5678400,Chrysler,U.S.
3/10/2020,10.85999966,11.02000046,10.52999973,11,10.04347801,3545300,Chrysler,U.S.
3/11/2020,10.69999981,10.78999996,10.46000004,10.60000038,9.678261757,7516400,Chrysler,U.S.
3/12/2020,9.949999809,9.989999771,8.600000381,8.989999771,8.208260536,8770300,Chrysler,U.S.
3/13/2020,9.890000343,10.02999973,9.260000229,10.02999973,9.157826424,4629600,Chrysler,U.S.
3/16/2020,7.909999847,8.470000267,7.650000095,7.860000134,7.176522255,5292500,Chrysler,U.S.
3/17/2020,7.46999979,7.670000076,7.110000134,7.610000134,6.948261261,3599300,Chrysler,U.S.
3/18/2020,6.690000057,6.960000038,6.300000191,6.909999847,6.309130669,4682200,Chrysler,U.S.
3/19/2020,6.179999828,6.510000229,6,6.46999979,5.907391071,5885300,Chrysler,U.S.
3/20/2020,6.619999886,6.869999886,6.300000191,6.349999905,5.79782629,4656600,Chrysler,U.S.
3/23/2020,6.25,6.449999809,6.230000019,6.349999905,5.79782629,5535900,Chrysler,U.S.
3/24/2020,6.809999943,7.260000229,6.659999847,7.010000229,6.400434971,5751500,Chrysler,U.S.
3/25/2020,7.289999962,7.659999847,6.820000172,7.429999828,6.783913136,11274400,Chrysler,U.S.
3/26/2020,7.369999886,7.730000019,7.320000172,7.730000019,7.057826042,4114800,Chrysler,U.S.
3/27/2020,7.260000229,7.329999924,7.059999943,7.119999886,6.500869751,5164800,Chrysler,U.S.
3/30/2020,7,7.099999905,6.880000114,6.96999979,6.363913059,3731100,Chrysler,U.S.
3/31/2020,6.989999771,7.260000229,6.980000019,7.190000057,6.564782619,3423700,Chrysler,U.S.
4/1/2020,6.940000057,7.039999962,6.78000021,6.820000172,6.226956844,2440500,Chrysler,U.S.
4/2/2020,6.71999979,6.860000134,6.670000076,6.809999943,6.217826366,2838900,Chrysler,U.S.
4/3/2020,6.909999847,6.909999847,6.650000095,6.710000038,6.126522064,1910500,Chrysler,U.S.
4/6/2020,6.960000038,7.289999962,6.929999828,7.25,6.619565487,3663900,Chrysler,U.S.
4/7/2020,7.849999905,7.909999847,7.460000038,7.619999886,6.957391262,3968100,Chrysler,U.S.
4/8/2020,7.739999771,7.869999886,7.650000095,7.860000134,7.176522255,2275700,Chrysler,U.S.
4/9/2020,8.18999958,8.279999733,8.039999962,8.210000038,7.496087074,2863400,Chrysler,U.S.
4/13/2020,8.350000381,8.350000381,7.929999828,8.050000191,7.350000381,1476800,Chrysler,U.S.
4/14/2020,8.43999958,8.489999771,8.180000305,8.350000381,7.623913765,2311400,Chrysler,U.S.
4/15/2020,7.869999886,7.920000076,7.699999809,7.730000019,7.057826042,2193400,Chrysler,U.S.
4/16/2020,7.829999924,7.840000153,7.619999886,7.679999828,7.012174129,1568400,Chrysler,U.S.
4/17/2020,8.020000458,8.100000381,7.889999866,8.050000191,7.350000381,3651500,Chrysler,U.S.
4/20/2020,8,8.090000153,7.929999828,7.940000057,7.940000057,1772100,Chrysler,U.S.
4/21/2020,7.769999981,8.100000381,7.699999809,7.730000019,7.730000019,2917400,Chrysler,U.S.
4/22/2020,7.900000095,7.920000076,7.769999981,7.809999943,7.809999943,2328500,Chrysler,U.S.
4/23/2020,7.920000076,8.159999847,7.869999886,7.940000057,7.940000057,1990800,Chrysler,U.S.
4/24/2020,8.100000381,8.109999657,7.900000095,8,8,1929900,Chrysler,U.S.
4/27/2020,8.210000038,8.390000343,8.170000076,8.380000114,8.380000114,1837600,Chrysler,U.S.
4/28/2020,8.720000267,8.739999771,8.409999847,8.479999542,8.479999542,1798100,Chrysler,U.S.
4/29/2020,8.829999924,8.949999809,8.819999695,8.930000305,8.930000305,2244300,Chrysler,U.S.
4/30/2020,8.789999962,8.930000305,8.609999657,8.609999657,8.609999657,1955600,Chrysler,U.S.
5/1/2020,8.430000305,8.510000229,8.25,8.43999958,8.43999958,1508400,Chrysler,U.S.
5/4/2020,8.25,8.420000076,8.210000038,8.300000191,8.300000191,1866100,Chrysler,U.S.
5/5/2020,8.470000267,8.489999771,8.159999847,8.229999542,8.229999542,2273800,Chrysler,U.S.
5/6/2020,8.319999695,8.350000381,8.149999619,8.149999619,8.149999619,1224800,Chrysler,U.S.
5/7/2020,8.199999809,8.260000229,8.140000343,8.18999958,8.18999958,1126200,Chrysler,U.S.
5/8/2020,8.31000042,8.489999771,8.289999962,8.489999771,8.489999771,1376800,Chrysler,U.S.
5/11/2020,8.350000381,8.350000381,8.18999958,8.31000042,8.31000042,1641600,Chrysler,U.S.
5/12/2020,8.300000191,8.319999695,8.159999847,8.180000305,8.180000305,1659300,Chrysler,U.S.
5/13/2020,8.100000381,8.180000305,7.840000153,7.889999866,7.889999866,2311600,Chrysler,U.S.
5/14/2020,7.659999847,7.849999905,7.510000229,7.800000191,7.800000191,2820900,Chrysler,U.S.
5/15/2020,7.820000172,7.889999866,7.710000038,7.820000172,7.820000172,2530200,Chrysler,U.S.
5/18/2020,8.319999695,8.56000042,8.289999962,8.470000267,8.470000267,4032300,Chrysler,U.S.
5/19/2020,8.18999958,8.220000267,7.96999979,8,8,5991900,Chrysler,U.S.
5/20/2020,7.980000019,8.090000153,7.909999847,7.980000019,7.980000019,4254400,Chrysler,U.S.
5/21/2020,8.140000343,8.300000191,8.010000229,8.050000191,8.050000191,3876100,Chrysler,U.S.
5/22/2020,8.199999809,8.220000267,8,8.119999886,8.119999886,3028700,Chrysler,U.S.
5/26/2020,8.75,8.800000191,8.600000381,8.619999886,8.619999886,5107300,Chrysler,U.S.
5/27/2020,9.109999657,9.140000343,8.859999657,9,9,4122000,Chrysler,U.S.
5/28/2020,9.090000153,9.149999619,8.960000038,8.970000267,8.970000267,2892900,Chrysler,U.S.
5/29/2020,8.840000153,8.930000305,8.680000305,8.840000153,8.840000153,3478900,Chrysler,U.S.
6/1/2020,8.989999771,9.229999542,8.960000038,9.220000267,9.220000267,1993200,Chrysler,U.S.
6/2/2020,9.319999695,9.43999958,9.239999771,9.340000153,9.340000153,2821200,Chrysler,U.S.
6/3/2020,9.68999958,9.909999847,9.680000305,9.829999924,9.829999924,3507500,Chrysler,U.S.
6/4/2020,9.770000458,10,9.720000267,9.880000114,9.880000114,2886300,Chrysler,U.S.
6/5/2020,10.53999996,10.56999969,10.38000011,10.39999962,10.39999962,4561900,Chrysler,U.S.
6/8/2020,10.80000019,10.88000011,10.5,10.77000046,10.77000046,4963700,Chrysler,U.S.
6/9/2020,10.21000004,10.31000042,10.14000034,10.18000031,10.18000031,2611500,Chrysler,U.S.
6/10/2020,10.06000042,10.15999985,9.680000305,9.789999962,9.789999962,6612800,Chrysler,U.S.
6/11/2020,9.149999619,9.319999695,8.75,8.81000042,8.81000042,6719500,Chrysler,U.S.
6/12/2020,9.350000381,9.449999809,9.109999657,9.340000153,9.340000153,5124900,Chrysler,U.S.
6/15/2020,9.069999695,9.479999542,9.039999962,9.409999847,9.409999847,4459500,Chrysler,U.S.
6/16/2020,9.670000076,9.680000305,9.300000191,9.460000038,9.460000038,3241300,Chrysler,U.S.
6/17/2020,9.529999733,9.56000042,9.319999695,9.329999924,9.329999924,2471800,Chrysler,U.S.
6/18/2020,9.279999733,9.479999542,9.270000458,9.350000381,9.350000381,2687900,Chrysler,U.S.
6/19/2020,9.489999771,9.5,9.260000229,9.270000458,9.270000458,2731700,Chrysler,U.S.
6/22/2020,9.68999958,9.729999542,9.569999695,9.649999619,9.649999619,3814100,Chrysler,U.S.
6/23/2020,10.19999981,10.31000042,10.10999966,10.18999958,10.18999958,5729000,Chrysler,U.S.
6/24/2020,10.01000023,10.05000019,9.649999619,9.729999542,9.729999542,4697500,Chrysler,U.S.
6/25/2020,9.840000153,10,9.729999542,9.989999771,9.989999771,4503700,Chrysler,U.S.
6/26/2020,9.859999657,9.899999619,9.600000381,9.670000076,9.670000076,2803400,Chrysler,U.S.
6/29/2020,9.869999886,9.989999771,9.770000458,9.920000076,9.920000076,2636900,Chrysler,U.S.
6/30/2020,9.930000305,10.23999977,9.880000114,10.23999977,10.23999977,5379600,Chrysler,U.S.
7/1/2020,9.930000305,10.03999996,9.819999695,9.899999619,9.899999619,5502300,Chrysler,U.S.
7/2/2020,10.19999981,10.26000023,9.93999958,9.949999809,9.949999809,3557500,Chrysler,U.S.
7/6/2020,10.25,10.31000042,10.09000015,10.23999977,10.23999977,4081000,Chrysler,U.S.
7/7/2020,10.22999954,10.25,10.05000019,10.09000015,10.09000015,2596100,Chrysler,U.S.
7/8/2020,9.930000305,10.05000019,9.899999619,9.979999542,9.979999542,2979800,Chrysler,U.S.
7/9/2020,10,10.01000023,9.720000267,9.779999733,9.779999733,2991500,Chrysler,U.S.
7/10/2020,9.869999886,10.14999962,9.859999657,10.10999966,10.10999966,2469100,Chrysler,U.S.
7/13/2020,10.27000046,10.35999966,10.02000046,10.06999969,10.06999969,3065300,Chrysler,U.S.
7/14/2020,10.06000042,10.30000019,10.05000019,10.27999973,10.27999973,2348200,Chrysler,U.S.
7/15/2020,10.43000031,10.46000004,10.26000023,10.43000031,10.43000031,3998800,Chrysler,U.S.
7/16/2020,10.36999989,10.5,10.35999966,10.5,10.5,3381800,Chrysler,U.S.
7/17/2020,10.55000019,10.59000015,10.43000031,10.48999977,10.48999977,1862800,Chrysler,U.S.
7/20/2020,10.48999977,10.57999992,10.46000004,10.52999973,10.52999973,1339800,Chrysler,U.S.
7/21/2020,10.63000011,10.68999958,10.47999954,10.48999977,10.48999977,2016900,Chrysler,U.S.
7/22/2020,10.5,10.64999962,10.47999954,10.63000011,10.63000011,2588100,Chrysler,U.S.
7/23/2020,10.72999954,10.73999977,10.52000046,10.55000019,10.55000019,2030200,Chrysler,U.S.
7/24/2020,10.52000046,10.56999969,10.46000004,10.51000023,10.51000023,1858200,Chrysler,U.S.
7/27/2020,10.57999992,10.76000023,10.56000042,10.72000027,10.72000027,2014800,Chrysler,U.S.
7/28/2020,10.88000011,10.93999958,10.82999992,10.85999966,10.85999966,3130100,Chrysler,U.S.
7/29/2020,10.80000019,10.93999958,10.75,10.93000031,10.93000031,2577300,Chrysler,U.S.
7/30/2020,10.35999966,10.52000046,10.27999973,10.5,10.5,2764400,Chrysler,U.S.
7/31/2020,10.63000011,10.63000011,10.06999969,10.14999962,10.14999962,3196100,Chrysler,U.S.
8/3/2020,10.51000023,10.64000034,10.44999981,10.56999969,10.56999969,3489800,Chrysler,U.S.
8/4/2020,10.94999981,11.09000015,10.89000034,11.05000019,11.05000019,2999200,Chrysler,U.S.
8/5/2020,11.14999962,11.22999954,11.10000038,11.14999962,11.14999962,2842000,Chrysler,U.S.
8/6/2020,11.10000038,11.11999989,10.98999977,11.09000015,11.09000015,2023000,Chrysler,U.S.
8/7/2020,10.89999962,10.98999977,10.85000038,10.98999977,10.98999977,1700300,Chrysler,U.S.
8/10/2020,11,11.23999977,11,11.22999954,11.22999954,2509000,Chrysler,U.S.
8/11/2020,11.61999989,11.77000046,11.51000023,11.52000046,11.52000046,2686600,Chrysler,U.S.
8/12/2020,11.86999989,11.86999989,11.61999989,11.64999962,11.64999962,1951600,Chrysler,U.S.
8/13/2020,11.57999992,11.64999962,11.47999954,11.52999973,11.52999973,1379600,Chrysler,U.S.
8/14/2020,11.36999989,11.48999977,11.35000038,11.43000031,11.43000031,1312500,Chrysler,U.S.
8/17/2020,11.51000023,11.53999996,11.43000031,11.47999954,11.47999954,1536600,Chrysler,U.S.
8/18/2020,11.53999996,11.56000042,11.38000011,11.38000011,11.38000011,1330700,Chrysler,U.S.
8/19/2020,11.47000027,11.48999977,11.28999996,11.31999969,11.31999969,1622300,Chrysler,U.S.
8/20/2020,11.15999985,11.26000023,11.14999962,11.22000027,11.22000027,1519900,Chrysler,U.S.
8/21/2020,10.94999981,11.02000046,10.92000008,10.98999977,10.98999977,1413700,Chrysler,U.S.
8/24/2020,11.22000027,11.38000011,11.19999981,11.31000042,11.31000042,1657400,Chrysler,U.S.
8/25/2020,11.42000008,11.43000031,11.14000034,11.22000027,11.22000027,2363500,Chrysler,U.S.
8/26/2020,11.31000042,11.36999989,11.25,11.28999996,11.28999996,5759900,Chrysler,U.S.
8/27/2020,11.34000015,11.35000038,11.09000015,11.18000031,11.18000031,2481100,Chrysler,U.S.
8/28/2020,11.14999962,11.21000004,11.10999966,11.21000004,11.21000004,1769700,Chrysler,U.S.
8/31/2020,11.22999954,11.23999977,11.01000023,11.02999973,11.02999973,1586100,Chrysler,U.S.
9/1/2020,10.81999969,10.92000008,10.73999977,10.89000034,10.89000034,1658800,Chrysler,U.S.
9/2/2020,10.84000015,10.98999977,10.82999992,10.97999954,10.97999954,2076500,Chrysler,U.S.
9/3/2020,11.21000004,11.27000046,10.84000015,10.88000011,10.88000011,3471500,Chrysler,U.S.
9/4/2020,11.27000046,11.39000034,11.01000023,11.28999996,11.28999996,2966300,Chrysler,U.S.
9/8/2020,11.19999981,11.43000031,11.14999962,11.15999985,11.15999985,3119800,Chrysler,U.S.
9/9/2020,11.35000038,11.38000011,11.27999973,11.31999969,11.31999969,2986300,Chrysler,U.S.
9/10/2020,11.85999966,11.93000031,11.56000042,11.63000011,11.63000011,3543200,Chrysler,U.S.
9/11/2020,11.67000008,11.77000046,11.60999966,11.75,11.75,1912100,Chrysler,U.S.
9/14/2020,11.85999966,11.93999958,11.77999973,11.93000031,11.93000031,2518900,Chrysler,U.S.
9/15/2020,13.14999962,13.14999962,12.81000042,12.81000042,12.81000042,4620900,Chrysler,U.S.
9/16/2020,12.69999981,12.81999969,12.61999989,12.64999962,12.64999962,2539300,Chrysler,U.S.
9/17/2020,12.59000015,12.77999973,12.56999969,12.69999981,12.69999981,2643900,Chrysler,U.S.
9/18/2020,12.36999989,12.39999962,12.18999958,12.26000023,12.26000023,3424600,Chrysler,U.S.
9/21/2020,11.82999992,11.86999989,11.56000042,11.82999992,11.82999992,3499900,Chrysler,U.S.
9/22/2020,12.07999992,12.11999989,11.89000034,12,12,2969000,Chrysler,U.S.
9/23/2020,12.27000046,12.34000015,11.94999981,11.96000004,11.96000004,2365800,Chrysler,U.S.
9/24/2020,12.13000011,12.25,12.01000023,12.13000011,12.13000011,2946100,Chrysler,U.S.
9/25/2020,11.82999992,11.97999954,11.78999996,11.97999954,11.97999954,2231800,Chrysler,U.S.
9/28/2020,12.39000034,12.44999981,12.31999969,12.36999989,12.36999989,1907400,Chrysler,U.S.
9/29/2020,12.25,12.28999996,12.10999966,12.15999985,12.15999985,2118000,Chrysler,U.S.
9/30/2020,12.17000008,12.38000011,12.15999985,12.22000027,12.22000027,1705800,Chrysler,U.S.
10/1/2020,12.22999954,12.26000023,12.06999969,12.22999954,12.22999954,2285300,Chrysler,U.S.
10/2/2020,11.92000008,12.22999954,11.90999985,12.19999981,12.19999981,2222500,Chrysler,U.S.
10/5/2020,12.34000015,12.46000004,12.30000019,12.40999985,12.40999985,1267800,Chrysler,U.S.
10/6/2020,12.51000023,12.67000008,12.31999969,12.32999992,12.32999992,3316200,Chrysler,U.S.
10/7/2020,12.47000027,12.64000034,12.46000004,12.59000015,12.59000015,1433300,Chrysler,U.S.
10/8/2020,12.47999954,12.64000034,12.47999954,12.60999966,12.60999966,1750600,Chrysler,U.S.
10/9/2020,12.51000023,12.52999973,12.36999989,12.48999977,12.48999977,1420800,Chrysler,U.S.
10/12/2020,12.59000015,12.63000011,12.48999977,12.51000023,12.51000023,1341800,Chrysler,U.S.
10/13/2020,12.31999969,12.31999969,12.18000031,12.23999977,12.23999977,2311200,Chrysler,U.S.
10/14/2020,12.46000004,12.5,12.35000038,12.35999966,12.35999966,1407800,Chrysler,U.S.
10/15/2020,11.97000027,12.31000042,11.93000031,12.31000042,12.31000042,2165700,Chrysler,U.S.
10/16/2020,12.57999992,12.75,12.52000046,12.59000015,12.59000015,1911100,Chrysler,U.S.
10/19/2020,12.63000011,12.76000023,12.47000027,12.51000023,12.51000023,2532800,Chrysler,U.S.
10/20/2020,12.69999981,12.81999969,12.64999962,12.67000008,12.67000008,1623600,Chrysler,U.S.
10/21/2020,12.80000019,12.85000038,12.67000008,12.71000004,12.71000004,1557400,Chrysler,U.S.
10/22/2020,12.89000034,13.06000042,12.86999989,13.02000046,13.02000046,1901200,Chrysler,U.S.
10/23/2020,13.17000008,13.18999958,13.02999973,13.18000031,13.18000031,2142200,Chrysler,U.S.
10/26/2020,13.46000004,13.47000027,13.11999989,13.26000023,13.26000023,3769300,Chrysler,U.S.
10/27/2020,13.03999996,13.10000038,12.84000015,12.90999985,12.90999985,2586000,Chrysler,U.S.
10/28/2020,12.56000042,12.64999962,12.27000046,12.27999973,12.27999973,3737900,Chrysler,U.S.
10/29/2020,12.25,12.52999973,12.21000004,12.40999985,12.40999985,2488100,Chrysler,U.S.
10/30/2020,12.31000042,12.34000015,12.10999966,12.28999996,12.28999996,2698000,Chrysler,U.S.
11/2/2020,12.59000015,12.68999958,12.48999977,12.61999989,12.61999989,2760900,Chrysler,U.S.
11/3/2020,12.81999969,13.03999996,12.78999996,12.96000004,12.96000004,3395600,Chrysler,U.S.
11/4/2020,13.05000019,13.10000038,12.92000008,12.93000031,12.93000031,2509600,Chrysler,U.S.
11/5/2020,13.43999958,13.60000038,13.35000038,13.52000046,13.52000046,3249900,Chrysler,U.S.
11/6/2020,13.46000004,13.51000023,13.30000019,13.34000015,13.34000015,1875100,Chrysler,U.S.
11/9/2020,14.34000015,14.35999966,13.93999958,13.94999981,13.94999981,4171300,Chrysler,U.S.
11/10/2020,14.22000027,14.51000023,14.17000008,14.38000011,14.38000011,3007100,Chrysler,U.S.
11/11/2020,14.52999973,14.53999996,14.36999989,14.46000004,14.46000004,2055000,Chrysler,U.S.
11/12/2020,14.19999981,14.27000046,14.02999973,14.10999966,14.10999966,1868200,Chrysler,U.S.
11/13/2020,14.43000031,14.56999969,14.42000008,14.56999969,14.56999969,1682300,Chrysler,U.S.
11/16/2020,14.85999966,14.98999977,14.77000046,14.89000034,14.89000034,2337800,Chrysler,U.S.
11/17/2020,15.03999996,15.14000034,14.94999981,15.07999992,15.07999992,2757400,Chrysler,U.S.
11/18/2020,15,15.10999966,14.86999989,14.86999989,14.86999989,1833400,Chrysler,U.S.
11/19/2020,15.23999977,15.44999981,15.19999981,15.43999958,15.43999958,2446300,Chrysler,U.S.
11/20/2020,15.27999973,15.34000015,15.23999977,15.28999996,15.28999996,1406500,Chrysler,U.S.
11/23/2020,15.28999996,15.38000011,15.18999958,15.23999977,15.23999977,2147000,Chrysler,U.S.
11/24/2020,15.39000034,15.71000004,15.32999992,15.65999985,15.65999985,5323000,Chrysler,U.S.
11/25/2020,15.60000038,15.80000019,15.52000046,15.77999973,15.77999973,1694100,Chrysler,U.S.
11/27/2020,15.81000042,15.89000034,15.76000023,15.81999969,15.81999969,1082100,Chrysler,U.S.
11/30/2020,15.89999962,15.89999962,15.5,15.5,15.5,2592800,Chrysler,U.S.
12/1/2020,15.82999992,16.04000092,15.77999973,16.01000023,16.01000023,1805900,Chrysler,U.S.
12/2/2020,15.78999996,16.04000092,15.77000046,15.97000027,15.97000027,1537500,Chrysler,U.S.
12/2/2019,65.87999725,67.27600098,65.73799896,66.97399902,66.97399902,30372500,Tesla,U.S.
12/3/2019,66.52400208,67.58200073,66.43800354,67.23999786,67.23999786,32868500,Tesla,U.S.
12/4/2019,67.55000305,67.5719986,66.56999969,66.60600281,66.60600281,27665000,Tesla,U.S.
12/5/2019,66.56600189,66.88400269,65.44999695,66.0739975,66.0739975,18623000,Tesla,U.S.
12/6/2019,67,67.77200317,66.95400238,67.1780014,67.1780014,38062000,Tesla,U.S.
12/9/2019,67.31800079,68.88999939,67.01599884,67.90599823,67.90599823,45115500,Tesla,U.S.
12/10/2019,67.99199677,70.14600372,67.86199951,69.76799774,69.76799774,44141500,Tesla,U.S.
12/11/2019,70.37599945,71.43800354,70.21800232,70.54000092,70.54000092,34489000,Tesla,U.S.
12/12/2019,70.98400116,72.54799652,70.64600372,71.93599701,71.93599701,38819500,Tesla,U.S.
12/13/2019,72.20999908,73.04199982,70.9280014,71.6780014,71.6780014,32854500,Tesla,U.S.
12/16/2019,72.51000214,76.72200012,72.5,76.30000305,76.30000305,90871000,Tesla,U.S.
12/17/2019,75.79799652,77.09999847,75.18000031,75.79799652,75.79799652,42484000,Tesla,U.S.
12/18/2019,76.12599945,79.04399872,76.11599731,78.62999725,78.62999725,70605000,Tesla,U.S.
12/19/2019,79.46399689,81.37000275,79.30000305,80.80799866,80.80799866,90535500,Tesla,U.S.
12/20/2019,82.05799866,82.59999847,80.03800201,81.11799622,81.11799622,73763500,Tesla,U.S.
12/23/2019,82.35600281,84.40200043,82,83.84400177,83.84400177,66598000,Tesla,U.S.
12/24/2019,83.67199707,85.09400177,82.53800201,85.05000305,85.05000305,40273500,Tesla,U.S.
12/26/2019,85.58200073,86.69599915,85.26999664,86.18800354,86.18800354,53169500,Tesla,U.S.
12/27/2019,87,87.06199646,85.22200012,86.0759964,86.0759964,49728500,Tesla,U.S.
12/30/2019,85.75800323,85.80000305,81.85199738,82.94000244,82.94000244,62932000,Tesla,U.S.
12/31/2019,81,84.25800323,80.41600037,83.66600037,83.66600037,51428500,Tesla,U.S.
1/2/2020,84.90000153,86.13999939,84.34200287,86.05200195,86.05200195,47660500,Tesla,U.S.
1/3/2020,88.09999847,90.80000305,87.38400269,88.60199738,88.60199738,88892500,Tesla,U.S.
1/6/2020,88.09400177,90.31199646,88,90.30799866,90.30799866,50665000,Tesla,U.S.
1/7/2020,92.27999878,94.3259964,90.67199707,93.81199646,93.81199646,89410500,Tesla,U.S.
1/8/2020,94.73999786,99.69799805,93.64600372,98.4280014,98.4280014,155721500,Tesla,U.S.
1/9/2020,99.41999817,99.76000214,94.5739975,96.26799774,96.26799774,142202000,Tesla,U.S.
1/10/2020,96.35800171,96.98799896,94.73999786,95.62999725,95.62999725,64797500,Tesla,U.S.
1/13/2020,98.69999695,105.1259995,98.40000153,104.9720001,104.9720001,132588000,Tesla,U.S.
1/14/2020,108.8519974,109.4820023,104.9800034,107.5839996,107.5839996,144981000,Tesla,U.S.
1/15/2020,105.9520035,107.5680008,103.3580017,103.6999969,103.6999969,86844000,Tesla,U.S.
1/16/2020,98.75,102.8919983,98.43399811,102.697998,102.697998,108683500,Tesla,U.S.
1/17/2020,101.5220032,103.1340027,100.6320038,102.0999985,102.0999985,68145500,Tesla,U.S.
1/21/2020,106.0500031,109.7160034,105.6819992,109.4400024,109.4400024,89017500,Tesla,U.S.
1/22/2020,114.3779984,118.9000015,111.8199997,113.9120026,113.9120026,156845000,Tesla,U.S.
1/23/2020,112.8499985,116.4000015,111.1200027,114.4400024,114.4400024,98255000,Tesla,U.S.
1/24/2020,114.1259995,114.7720032,110.8519974,112.9639969,112.9639969,71768000,Tesla,U.S.
1/27/2020,108.3980026,112.8880005,107.8560028,111.6039963,111.6039963,68040500,Tesla,U.S.
1/28/2020,113.697998,115.3619995,111.6159973,113.3799973,113.3799973,58942500,Tesla,U.S.
1/29/2020,115.1380005,117.9599991,113.4860001,116.197998,116.197998,89007500,Tesla,U.S.
1/30/2020,126.4840012,130.1759949,123.5999985,128.1620026,128.1620026,145028500,Tesla,U.S.
1/31/2020,128,130.6000061,126.5039978,130.1139984,130.1139984,78596500,Tesla,U.S.
2/3/2020,134.7380066,157.2279968,134.7039948,156,156,236167500,Tesla,U.S.
2/4/2020,176.5919952,193.7980042,166.776001,177.4120026,177.4120026,304694000,Tesla,U.S.
2/5/2020,164.6519928,169.1959991,140.8220062,146.9400024,146.9400024,242119000,Tesla,U.S.
2/6/2020,139.9839935,159.1660004,137.3999939,149.7920074,149.7920074,199404000,Tesla,U.S.
2/7/2020,146.1100006,153.9499969,146,149.6139984,149.6139984,85317500,Tesla,U.S.
2/10/2020,160,163.9980011,150.4799957,154.2559967,154.2559967,123446000,Tesla,U.S.
2/11/2020,153.7579956,156.7019958,151.6000061,154.8760071,154.8760071,58487500,Tesla,U.S.
2/12/2020,155.5740051,157.9499969,152.673996,153.4579926,153.4579926,60112500,Tesla,U.S.
2/13/2020,148.3679962,163.6000061,147,160.8000031,160.8000031,131446500,Tesla,U.S.
2/14/2020,157.4440002,162.5939941,157.1000061,160.0059967,160.0059967,78468500,Tesla,U.S.
2/18/2020,168.3200073,172,166.4720001,171.6799927,171.6799927,81908500,Tesla,U.S.
2/19/2020,184.6999969,188.9559937,180.2039948,183.4839935,183.4839935,127115000,Tesla,U.S.
2/20/2020,182.3899994,182.3999939,171.9880066,179.8820038,179.8820038,88174500,Tesla,U.S.
2/21/2020,181.3959961,182.6119995,176.0899963,180.1999969,180.1999969,71574000,Tesla,U.S.
2/24/2020,167.8000031,172.6999969,164.4400024,166.7579956,166.7579956,75961000,Tesla,U.S.
2/25/2020,169.8000031,171.3200073,157.3999939,159.9819946,159.9819946,86452500,Tesla,U.S.
2/26/2020,156.5,162.6620026,155.2220001,155.7599945,155.7599945,70427500,Tesla,U.S.
2/27/2020,146,147.9539948,133.8000031,135.8000031,135.8000031,121386000,Tesla,U.S.
2/28/2020,125.9400024,138.1040039,122.3040009,133.5980072,133.5980072,122821000,Tesla,U.S.
3/2/2020,142.2519989,148.7380066,137.3339996,148.723999,148.723999,100975000,Tesla,U.S.
3/3/2020,161,161.3959961,143.2220001,149.102005,149.102005,128920000,Tesla,U.S.
3/4/2020,152.7920074,153.3040009,144.9459991,149.8999939,149.8999939,75245000,Tesla,U.S.
3/5/2020,144.7539978,149.1499939,143.6139984,144.9080048,144.9080048,54263500,Tesla,U.S.
3/6/2020,138,141.3999939,136.8540039,140.6959991,140.6959991,63314500,Tesla,U.S.
3/9/2020,121.0780029,132.6000061,121,121.5999985,121.5999985,85368500,Tesla,U.S.
3/10/2020,131.8860016,133.6000061,121.5999985,129.0659943,129.0659943,77972000,Tesla,U.S.
3/11/2020,128.0399933,130.7160034,122.5999985,126.8460007,126.8460007,66612500,Tesla,U.S.
3/12/2020,116.1780014,118.9000015,109.25,112.1100006,112.1100006,94545500,Tesla,U.S.
3/13/2020,119,121.5139999,100.4000015,109.3239975,109.3239975,113201500,Tesla,U.S.
3/16/2020,93.90000153,98.97399902,88.43399811,89.01399994,89.01399994,102447500,Tesla,U.S.
3/17/2020,88.0019989,94.37000275,79.19999695,86.04000092,86.04000092,119973000,Tesla,U.S.
3/18/2020,77.80000305,80.97200012,70.10199738,72.2440033,72.2440033,118931000,Tesla,U.S.
3/19/2020,74.94000244,90.40000153,71.69200134,85.52799988,85.52799988,150977500,Tesla,U.S.
3/20/2020,87.63999939,95.40000153,85.15799713,85.5059967,85.5059967,141427500,Tesla,U.S.
3/23/2020,86.72000122,88.40000153,82.09999847,86.85800171,86.85800171,82272500,Tesla,U.S.
3/24/2020,95.45999908,102.737999,94.80000305,101,101,114476000,Tesla,U.S.
3/25/2020,109.0500031,111.4000015,102.2220001,107.8499985,107.8499985,106113500,Tesla,U.S.
3/26/2020,109.4779968,112,102.4499969,105.6320038,105.6320038,86903500,Tesla,U.S.
3/27/2020,101,105.1600037,98.80599976,102.8720016,102.8720016,71887000,Tesla,U.S.
3/30/2020,102.052002,103.3300018,98.2460022,100.4260025,100.4260025,59990500,Tesla,U.S.
3/31/2020,100.25,108.5920029,99.40000153,104.8000031,104.8000031,88857500,Tesla,U.S.
4/1/2020,100.8000031,102.7900009,95.01999664,96.31199646,96.31199646,66766000,Tesla,U.S.
4/2/2020,96.20600128,98.85199738,89.27999878,90.89399719,90.89399719,99292000,Tesla,U.S.
4/3/2020,101.9000015,103.0979996,93.6780014,96.0019989,96.0019989,22562100,Tesla,U.S.
4/6/2020,102.2399979,104.1999969,99.59200287,103.2480011,103.2480011,14901800,Tesla,U.S.
4/7/2020,109,113,106.4680023,109.0899963,109.0899963,17919800,Tesla,U.S.
4/8/2020,110.8399963,111.4420013,106.6660004,109.7679977,109.7679977,12656000,Tesla,U.S.
4/9/2020,112.4179993,115.0360031,111.4219971,114.5999985,114.5999985,13650000,Tesla,U.S.
4/13/2020,118.0319977,130.3999939,116.1060028,130.1900024,130.1900024,22475400,Tesla,U.S.
4/14/2020,139.7940063,148.3760071,138.4859924,141.9779968,141.9779968,30576500,Tesla,U.S.
4/15/2020,148.3999939,150.6260071,142,145.9660034,145.9660034,23577000,Tesla,U.S.
4/16/2020,143.3880005,151.8899994,141.3439941,149.0420074,149.0420074,20657900,Tesla,U.S.
4/17/2020,154.4559937,154.9900055,149.5319977,150.7779999,150.7779999,13128200,Tesla,U.S.
4/20/2020,146.5399933,153.1139984,142.4420013,149.2720032,149.2720032,14746600,Tesla,U.S.
4/21/2020,146.0240021,150.6660004,134.7579956,137.3439941,137.3439941,20209100,Tesla,U.S.
4/22/2020,140.7960052,146.8000031,137.7420044,146.4219971,146.4219971,14224800,Tesla,U.S.
4/23/2020,145.5200043,146.8000031,140.6260071,141.1260071,141.1260071,13236700,Tesla,U.S.
4/24/2020,142.1620026,146.1459961,139.6360016,145.0299988,145.0299988,13237600,Tesla,U.S.
4/27/2020,147.5220032,159.897995,147,159.75,159.75,20681400,Tesla,U.S.
4/28/2020,159.128006,161,151.3379974,153.8240051,153.8240051,15222000,Tesla,U.S.
4/29/2020,158.0339966,160.6399994,156.6320038,160.102005,160.102005,16216000,Tesla,U.S.
4/30/2020,171.0379944,173.9640045,152.6999969,156.3760071,156.3760071,28471900,Tesla,U.S.
5/1/2020,151,154.5540009,136.6080017,140.2640076,140.2640076,32531800,Tesla,U.S.
5/4/2020,140.1999969,152.3999939,139.6000061,152.2380066,152.2380066,19237100,Tesla,U.S.
5/5/2020,157.9579926,159.7839966,152.4360046,153.6419983,153.6419983,16991700,Tesla,U.S.
5/6/2020,155.3000031,157.9600067,152.2220001,156.5160065,156.5160065,11123200,Tesla,U.S.
5/7/2020,155.4420013,159.2799988,154.4700012,156.0079956,156.0079956,11527700,Tesla,U.S.
5/8/2020,158.7539978,164.8000031,157.4019928,163.8840027,163.8840027,16130100,Tesla,U.S.
5/11/2020,158.102005,164.8000031,157,162.2579956,162.2579956,16519600,Tesla,U.S.
5/12/2020,165.3999939,168.6580048,161.6000061,161.8820038,161.8820038,15906900,Tesla,U.S.
5/13/2020,164.1660004,165.1999969,152.6600037,158.1920013,158.1920013,19065500,Tesla,U.S.
5/14/2020,156,160.6719971,152.8000031,160.6660004,160.6660004,13682200,Tesla,U.S.
5/15/2020,158.0700073,161.0099945,157.3099976,159.8339996,159.8339996,10518400,Tesla,U.S.
5/18/2020,165.5559998,166.9440002,160.776001,162.7259979,162.7259979,11698100,Tesla,U.S.
5/19/2020,163.0339966,164.4140015,161.2160034,161.602005,161.602005,9636500,Tesla,U.S.
5/20/2020,164.1000061,165.1999969,162.3600006,163.1119995,163.1119995,7309300,Tesla,U.S.
5/21/2020,163.1999969,166.5,159.1999969,165.5200043,165.5200043,12254600,Tesla,U.S.
5/22/2020,164.4340057,166.3560028,162.3999939,163.3760071,163.3760071,9987500,Tesla,U.S.
5/26/2020,166.8999939,166.9199982,163.1419983,163.7740021,163.7740021,8089700,Tesla,U.S.
5/27/2020,164.1719971,165.5420074,157,164.0460052,164.0460052,11549500,Tesla,U.S.
5/28/2020,162.7019958,164.9499969,160.3379974,161.1620026,161.1620026,7255600,Tesla,U.S.
5/29/2020,161.75,167,160.8419952,167,167,11812500,Tesla,U.S.
6/1/2020,171.6000061,179.8000031,170.8200073,179.6199951,179.6199951,14939500,Tesla,U.S.
6/2/2020,178.9400024,181.7319946,174.1999969,176.3119965,176.3119965,13565600,Tesla,U.S.
6/3/2020,177.6239929,179.5879974,176.0200043,176.5919952,176.5919952,7949500,Tesla,U.S.
6/4/2020,177.9759979,179.1499939,171.6880035,172.8760071,172.8760071,8887700,Tesla,U.S.
6/5/2020,175.5679932,177.3040009,173.2400055,177.1320038,177.1320038,7796100,Tesla,U.S.
6/8/2020,183.8000031,190,181.8320007,189.9839935,189.9839935,70873500,Tesla,U.S.
6/9/2020,188.0019989,190.8880005,184.7859955,188.1340027,188.1340027,56941000,Tesla,U.S.
6/10/2020,198.3760071,205.4960022,196.5,205.0099945,205.0099945,92817000,Tesla,U.S.
6/11/2020,198.0399933,203.7920074,194.3999939,194.5679932,194.5679932,79582500,Tesla,U.S.
6/12/2020,196,197.595993,182.5200043,187.0559998,187.0559998,83817000,Tesla,U.S.
6/15/2020,183.5579987,199.7680054,181.6999969,198.1799927,198.1799927,78486000,Tesla,U.S.
6/16/2020,202.3699951,202.576004,192.4779968,196.4259949,196.4259949,70255500,Tesla,U.S.
6/17/2020,197.5420074,201,196.5140076,198.3580017,198.3580017,49454000,Tesla,U.S.
6/18/2020,200.6000061,203.8399963,198.8939972,200.7920074,200.7920074,48759500,Tesla,U.S.
6/19/2020,202.5559998,203.1940002,198.2680054,200.1799927,200.1799927,43398500,Tesla,U.S.
6/22/2020,199.9900055,201.776001,198.0039978,198.8639984,198.8639984,31812000,Tesla,U.S.
6/23/2020,199.776001,202.3999939,198.802002,200.3560028,200.3560028,31826500,Tesla,U.S.
6/24/2020,198.8220062,200.1759949,190.628006,192.1699982,192.1699982,54798000,Tesla,U.S.
6/25/2020,190.8540039,197.1959991,187.4299927,197.1959991,197.1959991,46272500,Tesla,U.S.
6/26/2020,198.9559937,199,190.973999,191.947998,191.947998,44274500,Tesla,U.S.
6/29/2020,193.802002,202,189.7039948,201.8699951,201.8699951,45132000,Tesla,U.S.
6/30/2020,201.3000031,217.5379944,200.7460022,215.9620056,215.9620056,84592500,Tesla,U.S.
7/1/2020,216.6000061,227.0659943,216.1000061,223.9259949,223.9259949,66634500,Tesla,U.S.
7/2/2020,244.2960052,245.6000061,237.1199951,241.7319946,241.7319946,86250500,Tesla,U.S.
7/6/2020,255.3379974,275.5580139,253.2079926,274.3160095,274.3160095,102849500,Tesla,U.S.
7/7/2020,281.0020142,285.8999939,267.3420105,277.9719849,277.9719849,107448500,Tesla,U.S.
7/8/2020,281,283.4519958,262.2680054,273.1759949,273.1759949,81556500,Tesla,U.S.
7/9/2020,279.3980103,281.7120056,270.256012,278.8559875,278.8559875,58588000,Tesla,U.S.
7/10/2020,279.2000122,309.7839966,275.2019958,308.9299927,308.9299927,116688000,Tesla,U.S.
7/13/2020,331.7999878,358.9979858,294.2219849,299.4119873,299.4119873,194927000,Tesla,U.S.
7/14/2020,311.2000122,318,286.2000122,303.3599854,303.3599854,117090500,Tesla,U.S.
7/15/2020,308.6000061,310,291.3999939,309.2019958,309.2019958,81839000,Tesla,U.S.
7/16/2020,295.4320068,306.3420105,293.2000122,300.1279907,300.1279907,71504000,Tesla,U.S.
7/17/2020,302.6900024,307.5020142,298,300.1679993,300.1679993,46650000,Tesla,U.S.
7/20/2020,303.802002,330,297.6000061,328.6000061,328.6000061,85607000,Tesla,U.S.
7/21/2020,327.9859924,335,311.6000061,313.6719971,313.6719971,80786500,Tesla,U.S.
7/22/2020,319.7999878,325.2839966,312.3999939,318.4660034,318.4660034,70805500,Tesla,U.S.
7/23/2020,335.7900085,337.7999878,296.1539917,302.6140137,302.6140137,121642500,Tesla,U.S.
7/24/2020,283.2019958,293,273.3080139,283.3999939,283.3999939,96983000,Tesla,U.S.
7/27/2020,287,309.5880127,282.6000061,307.9200134,307.9200134,80243500,Tesla,U.S.
7/28/2020,300.7999878,312.9400024,294.8840027,295.2980042,295.2980042,79043500,Tesla,U.S.
7/29/2020,300.2000122,306.9620056,297.3999939,299.821991,299.821991,47134500,Tesla,U.S.
7/30/2020,297.6000061,302.6480103,294.2000122,297.4979858,297.4979858,38105000,Tesla,U.S.
7/31/2020,303,303.4100037,284.1960144,286.1520081,286.1520081,61235000,Tesla,U.S.
8/3/2020,289.8399963,301.9620056,288.8760071,297,297,44046500,Tesla,U.S.
8/4/2020,299.0020142,305.4819946,292.3999939,297.3999939,297.3999939,42075000,Tesla,U.S.
8/5/2020,298.5979919,299.9679871,293.6619873,297.0039978,297.0039978,24890000,Tesla,U.S.
8/6/2020,298.1659851,303.4620056,295.4519958,297.9159851,297.9159851,29961500,Tesla,U.S.
8/7/2020,299.9079895,299.9500122,283.0020142,290.5419922,290.5419922,44482000,Tesla,U.S.
8/10/2020,289.6000061,291.5,277.1679993,283.7139893,283.7139893,37611500,Tesla,U.S.
8/11/2020,279.2000122,284,273,274.8779907,274.8779907,43129000,Tesla,U.S.
8/12/2020,294,317,287,310.9519958,310.9519958,109494000,Tesla,U.S.
8/13/2020,322.2000122,330.2359924,313.4519958,324.2000122,324.2000122,102126500,Tesla,U.S.
8/14/2020,332.9979858,333.7600098,325.3280029,330.1419983,330.1419983,62888000,Tesla,U.S.
8/17/2020,335.3999939,369.1719971,334.5660095,367.1279907,367.1279907,101211500,Tesla,U.S.
8/18/2020,379.7980042,384.7799988,369.0220032,377.4179993,377.4179993,82372500,Tesla,U.S.
8/19/2020,373,382.2000122,368.2420044,375.7059937,375.7059937,61026500,Tesla,U.S.
8/20/2020,372.1359863,404.3980103,371.4119873,400.3659973,400.3659973,103059000,Tesla,U.S.
8/21/2020,408.9519958,419.0979919,405.0100098,409.9960022,409.9960022,107448000,Tesla,U.S.
8/24/2020,425.256012,425.7999878,385.5039978,402.8399963,402.8399963,100318000,Tesla,U.S.
8/25/2020,394.9779968,405.5899963,393.6000061,404.6679993,404.6679993,53294500,Tesla,U.S.
8/26/2020,412,433.2000122,410.7260132,430.6340027,430.6340027,71197000,Tesla,U.S.
8/27/2020,436.0920105,459.1199951,428.5,447.75,447.75,118465000,Tesla,U.S.
8/28/2020,459.0239868,463.697998,437.3039856,442.6799927,442.6799927,100406000,Tesla,U.S.
8/31/2020,444.6099854,500.1400146,440.1099854,498.3200073,498.3200073,118374400,Tesla,U.S.
9/1/2020,502.1400146,502.4899902,470.5100098,475.0499878,475.0499878,90119400,Tesla,U.S.
9/2/2020,478.9899902,479.0400085,405.1199951,447.3699951,447.3699951,96176100,Tesla,U.S.
9/3/2020,407.230011,431.7999878,402,407,407,87596100,Tesla,U.S.
9/4/2020,402.8099976,428,372.019989,418.3200073,418.3200073,110321900,Tesla,U.S.
9/8/2020,356,368.7399902,329.8800049,330.2099915,330.2099915,115465700,Tesla,U.S.
9/9/2020,356.6000061,369,341.5100098,366.2799988,366.2799988,79465800,Tesla,U.S.
9/10/2020,386.2099915,398.9899902,360.5599976,371.3399963,371.3399963,84930600,Tesla,U.S.
9/11/2020,381.9400024,382.5,360.5,372.7200012,372.7200012,60717500,Tesla,U.S.
9/14/2020,380.9500122,420,373.2999878,419.6199951,419.6199951,83020600,Tesla,U.S.
9/15/2020,436.5599976,461.9400024,430.7000122,449.7600098,449.7600098,97298200,Tesla,U.S.
9/16/2020,439.8699951,457.7900085,435.3099976,441.7600098,441.7600098,72279300,Tesla,U.S.
9/17/2020,415.6000061,437.7900085,408,423.4299927,423.4299927,76779200,Tesla,U.S.
9/18/2020,447.9400024,451,428.7999878,442.1499939,442.1499939,86406800,Tesla,U.S.
9/21/2020,453.1300049,455.6799927,407.0700073,449.3900146,449.3900146,109476800,Tesla,U.S.
9/22/2020,429.6000061,437.7600098,417.6000061,424.230011,424.230011,79580800,Tesla,U.S.
9/23/2020,405.1600037,412.1499939,375.8800049,380.3599854,380.3599854,95074200,Tesla,U.S.
9/24/2020,363.7999878,399.5,351.2999878,387.7900085,387.7900085,96561100,Tesla,U.S.
9/25/2020,393.4700012,408.730011,391.2999878,407.3399963,407.3399963,67208500,Tesla,U.S.
9/28/2020,424.6199951,428.0799866,415.5499878,421.2000122,421.2000122,49719600,Tesla,U.S.
9/29/2020,416,428.5,411.6000061,419.0700073,419.0700073,50219300,Tesla,U.S.
9/30/2020,421.3200073,433.9299927,420.4700012,429.0100098,429.0100098,48145600,Tesla,U.S.
10/1/2020,440.7600098,448.8800049,434.4200134,448.1600037,448.1600037,50741500,Tesla,U.S.
10/2/2020,421.3900146,439.1300049,415,415.0899963,415.0899963,71430000,Tesla,U.S.
10/5/2020,423.3500061,433.6400146,419.3299866,425.6799927,425.6799927,44722800,Tesla,U.S.
10/6/2020,423.7900085,428.7799988,406.0499878,413.980011,413.980011,49146300,Tesla,U.S.
10/7/2020,419.8699951,429.8999939,413.8500061,425.2999878,425.2999878,43127700,Tesla,U.S.
10/8/2020,438.4400024,439,425.2999878,425.9200134,425.9200134,40421100,Tesla,U.S.
10/9/2020,430.1300049,434.5899963,426.4599915,434,434,28925700,Tesla,U.S.
10/12/2020,442,448.7399902,438.5799866,442.2999878,442.2999878,38791100,Tesla,U.S.
10/13/2020,443.3500061,448.8900146,436.6000061,446.6499939,446.6499939,34463700,Tesla,U.S.
10/14/2020,449.7799988,465.8999939,447.3500061,461.2999878,461.2999878,48045400,Tesla,U.S.
10/15/2020,450.3099976,456.5700073,442.5,448.8800049,448.8800049,35672400,Tesla,U.S.
10/16/2020,454.4400024,455.9500122,438.8500061,439.6700134,439.6700134,32775900,Tesla,U.S.
10/19/2020,446.2399902,447,428.8699951,430.8299866,430.8299866,36287800,Tesla,U.S.
10/20/2020,431.75,431.75,419.0499878,421.9400024,421.9400024,31656300,Tesla,U.S.
10/21/2020,422.7000122,432.9500122,421.25,422.6400146,422.6400146,32370500,Tesla,U.S.
10/22/2020,441.9200134,445.230011,424.5100098,425.7900085,425.7900085,39993200,Tesla,U.S.
10/23/2020,421.8399963,422.8900146,407.3800049,420.6300049,420.6300049,33717000,Tesla,U.S.
10/26/2020,411.6300049,425.7600098,410,420.2799988,420.2799988,28239200,Tesla,U.S.
10/27/2020,423.7600098,430.5,420.1000061,424.6799927,424.6799927,22686500,Tesla,U.S.
10/28/2020,416.480011,418.6000061,406,406.019989,406.019989,25451400,Tesla,U.S.
10/29/2020,409.9599915,418.0599976,406.4599915,410.8299866,410.8299866,22655300,Tesla,U.S.
10/30/2020,406.8999939,407.5899963,379.1099854,388.0400085,388.0400085,42511300,Tesla,U.S.
11/2/2020,394,406.980011,392.2999878,400.5100098,400.5100098,29021100,Tesla,U.S.
11/3/2020,409.730011,427.769989,406.6900024,423.8999939,423.8999939,34351700,Tesla,U.S.
11/4/2020,430.6199951,435.3999939,417.1000061,420.980011,420.980011,32143100,Tesla,U.S.
11/5/2020,428.2999878,440,424,438.0899963,438.0899963,28414500,Tesla,U.S.
11/6/2020,436.1000061,436.5700073,424.2799988,429.9500122,429.9500122,21706000,Tesla,U.S.
11/9/2020,439.5,452.5,421,421.2600098,421.2600098,34833000,Tesla,U.S.
11/10/2020,420.0899963,420.0899963,396.0299988,410.3599854,410.3599854,30284200,Tesla,U.S.
11/11/2020,416.4500122,418.7000122,410.5799866,417.1300049,417.1300049,17357700,Tesla,U.S.
11/12/2020,415.0499878,423,409.519989,411.7600098,411.7600098,19855100,Tesla,U.S.
11/13/2020,410.8500061,412.5299988,401.6600037,408.5,408.5,19771100,Tesla,U.S.
11/16/2020,408.9299927,412.4500122,404.0899963,408.0899963,408.0899963,26838600,Tesla,U.S.
11/17/2020,460.1700134,462,433.0100098,441.6099854,441.6099854,61188300,Tesla,U.S.
11/18/2020,448.3500061,496,443.5,486.6400146,486.6400146,78044000,Tesla,U.S.
11/19/2020,492,508.6099854,487.5700073,499.269989,499.269989,62475300,Tesla,U.S.
11/20/2020,497.9899902,502.5,489.0599976,489.6099854,489.6099854,32807300,Tesla,U.S.
11/23/2020,503.5,526,501.7900085,521.8499756,521.8499756,50260300,Tesla,U.S.
11/24/2020,540.4000244,559.9899902,526.2000122,555.3800049,555.3800049,53648500,Tesla,U.S.
11/25/2020,550.0599976,574,545.3699951,574,574,48930200,Tesla,U.S.
11/27/2020,581.1599731,598.7800293,578.4500122,585.7600098,585.7600098,37561100,Tesla,U.S.
11/30/2020,602.210022,607.7999878,554.5100098,567.5999756,567.5999756,63003100,Tesla,U.S.
12/1/2020,597.5900269,597.8499756,572.0499878,584.7600098,584.7600098,40382800,Tesla,U.S.
12/2/2020,556.4400024,571.539978,541.210022,568.8200073,568.8200073,47775700,Tesla,U.S.
